-- 数据迁移：从开发环境 SQLite 导入生产 PostgreSQL
-- 生成时间：自动
-- 警告：此脚本会清空目标表后重新插入数据

BEGIN;

-- users
DELETE FROM users;
INSERT INTO users (id, openid, nickname, avatar, plan, plan_expires_at, created_at, updated_at) VALUES ('00000000-0000-0000-0000-000000000001', 'dev-openid', 'dev', NULL, 'subscription', NULL, '2026-07-09T14:48:52.261811+00', '2026-07-09T14:48:52.261811+00');

-- projects
DELETE FROM projects;
INSERT INTO projects (id, user_id, name, status, created_at, updated_at) VALUES ('dab0adae-0235-4bd6-b1c1-2e5683bc78e7', '00000000-0000-0000-0000-000000000001', 'PIPELINE_VERIFY', 'draft', '2026-07-09T14:48:54.379381+00', '2026-07-09T14:48:54.379381+00');
INSERT INTO projects (id, user_id, name, status, created_at, updated_at) VALUES ('79910741-745f-4e83-b02f-a69096f3a6ce', '00000000-0000-0000-0000-000000000001', 'PIPELINE_VERIFY', 'analyzed', '2026-07-09T14:51:19.472546+00', '2026-07-10T01:02:37.143816+00');
INSERT INTO projects (id, user_id, name, status, created_at, updated_at) VALUES ('97ce7ee4-6752-4e4b-bfed-25643e3874dc', '00000000-0000-0000-0000-000000000001', 'PIPELINE_VERIFY', 'analyzed', '2026-07-09T14:52:30.995721+00', '2026-07-09T14:52:49.775832+00');
INSERT INTO projects (id, user_id, name, status, created_at, updated_at) VALUES ('938cb4d6-956e-42bf-b846-eaf76f448e41', '00000000-0000-0000-0000-000000000001', 'PIPELINE_VERIFY', 'analyzed', '2026-07-09T14:53:22.673498+00', '2026-07-09T14:53:32.825891+00');
INSERT INTO projects (id, user_id, name, status, created_at, updated_at) VALUES ('c91e558d-821f-4f94-aa80-49b6128abb7a', '00000000-0000-0000-0000-000000000001', 'E2E 测试 - 工作满意度调查', 'draft', '2026-07-10T02:54:04.152391+00', '2026-07-10T02:54:04.152391+00');
INSERT INTO projects (id, user_id, name, status, created_at, updated_at) VALUES ('d38469ff-4401-4cc0-b770-a55f7b9da768', '00000000-0000-0000-0000-000000000001', 'E2E 测试 - 工作满意度调查', 'analyzed', '2026-07-10T03:13:55.264886+00', '2026-07-10T03:14:47.970507+00');
INSERT INTO projects (id, user_id, name, status, created_at, updated_at) VALUES ('69bd11b8-c467-4af2-9eeb-9184e06d18fc', '00000000-0000-0000-0000-000000000001', 'P4-4联调测试项目', 'inspected', '2026-07-10T06:52:25.824058+00', '2026-07-10T06:52:32.056762+00');
INSERT INTO projects (id, user_id, name, status, created_at, updated_at) VALUES ('1d1c3247-9290-4a2b-91de-96c0fa6f9396', '00000000-0000-0000-0000-000000000001', 'P6端到端验证项目', 'analyzed', '2026-07-10T08:40:15.023663+00', '2026-07-10T08:55:52.749427+00');
INSERT INTO projects (id, user_id, name, status, created_at, updated_at) VALUES ('a425e249-9f93-43b8-9c69-188866f4c163', '00000000-0000-0000-0000-000000000001', '大学生工作满意度调查', 'simulated', '2026-07-10T14:56:39.313878+00', '2026-07-12T16:23:27.595562+00');
INSERT INTO projects (id, user_id, name, status, created_at, updated_at) VALUES ('99d013d6-6168-45eb-8acf-3ed101226ab5', '00000000-0000-0000-0000-000000000001', '大学生工作满意度调查', 'inspected', '2026-07-14T11:25:46.676928+00', '2026-07-14T11:25:51.203142+00');
INSERT INTO projects (id, user_id, name, status, created_at, updated_at) VALUES ('c5345651-eaf7-42d6-a4fa-b9c3981f89ae', '00000000-0000-0000-0000-000000000001', '学习动机与自我效能感研究', 'analyzed', '2026-07-14T11:38:04.743288+00', '2026-07-14T11:40:39.878288+00');

-- questions
DELETE FROM questions;
INSERT INTO questions (id, project_id, index, text, question_type, dimension, is_reverse, confidence, created_at) VALUES ('42720302-97f4-46d2-a8d3-d25d9b9c41d0', 'dab0adae-0235-4bd6-b1c1-2e5683bc78e7', 1, '我对目前的工作感到满意', 'likert5', '工作满意度', FALSE, 'high', '2026-07-09T14:48:52.261811+00');
INSERT INTO questions (id, project_id, index, text, question_type, dimension, is_reverse, confidence, created_at) VALUES ('3c9b1f20-a1fd-4bf2-8993-a753df3b4be1', 'dab0adae-0235-4bd6-b1c1-2e5683bc78e7', 2, '我愿意推荐这份工作给他人', 'likert5', '工作满意度', FALSE, 'high', '2026-07-09T14:48:52.261811+00');
INSERT INTO questions (id, project_id, index, text, question_type, dimension, is_reverse, confidence, created_at) VALUES ('1223c93e-fbcb-4791-87d6-8fd5d7c920aa', 'dab0adae-0235-4bd6-b1c1-2e5683bc78e7', 3, '我有清晰的职业发展路径', 'likert5', '职业发展', FALSE, 'high', '2026-07-09T14:48:52.261811+00');
INSERT INTO questions (id, project_id, index, text, question_type, dimension, is_reverse, confidence, created_at) VALUES ('026af594-5922-492f-8899-416303e8acf3', 'dab0adae-0235-4bd6-b1c1-2e5683bc78e7', 4, '我看到明确的晋升机会', 'likert5', '职业发展', FALSE, 'high', '2026-07-09T14:48:52.261811+00');
INSERT INTO questions (id, project_id, index, text, question_type, dimension, is_reverse, confidence, created_at) VALUES ('27192f1d-83de-4686-8bb5-b5df4d76f622', '79910741-745f-4e83-b02f-a69096f3a6ce', 1, '我对目前的工作感到满意', 'likert5', '工作满意度', FALSE, 'high', '2026-07-09T14:51:17.428207+00');
INSERT INTO questions (id, project_id, index, text, question_type, dimension, is_reverse, confidence, created_at) VALUES ('e060c190-2939-4800-a7f8-6783bff9a66e', '79910741-745f-4e83-b02f-a69096f3a6ce', 2, '我愿意推荐这份工作给他人', 'likert5', '工作满意度', FALSE, 'high', '2026-07-09T14:51:17.428207+00');
INSERT INTO questions (id, project_id, index, text, question_type, dimension, is_reverse, confidence, created_at) VALUES ('910eee75-501c-4ea8-acce-1015538e7789', '79910741-745f-4e83-b02f-a69096f3a6ce', 3, '我有清晰的职业发展路径', 'likert5', '职业发展', FALSE, 'high', '2026-07-09T14:51:17.428207+00');
INSERT INTO questions (id, project_id, index, text, question_type, dimension, is_reverse, confidence, created_at) VALUES ('bdd55933-3161-4400-9239-81b9058bc719', '79910741-745f-4e83-b02f-a69096f3a6ce', 4, '我看到明确的晋升机会', 'likert5', '职业发展', FALSE, 'high', '2026-07-09T14:51:17.428207+00');
INSERT INTO questions (id, project_id, index, text, question_type, dimension, is_reverse, confidence, created_at) VALUES ('3d0aadfd-9073-447f-b94d-e5c7ceb85ae5', '97ce7ee4-6752-4e4b-bfed-25643e3874dc', 1, '我对目前的工作感到满意', 'likert5', '工作满意度', FALSE, 'high', '2026-07-09T14:52:28.952506+00');
INSERT INTO questions (id, project_id, index, text, question_type, dimension, is_reverse, confidence, created_at) VALUES ('b6878218-d0f9-4d29-bb3a-3518bee1bdc1', '97ce7ee4-6752-4e4b-bfed-25643e3874dc', 2, '我愿意推荐这份工作给他人', 'likert5', '工作满意度', FALSE, 'high', '2026-07-09T14:52:28.952506+00');
INSERT INTO questions (id, project_id, index, text, question_type, dimension, is_reverse, confidence, created_at) VALUES ('e5aa65b2-b10b-4fd0-a1ad-21a77d32c209', '97ce7ee4-6752-4e4b-bfed-25643e3874dc', 3, '我有清晰的职业发展路径', 'likert5', '职业发展', FALSE, 'high', '2026-07-09T14:52:28.952506+00');
INSERT INTO questions (id, project_id, index, text, question_type, dimension, is_reverse, confidence, created_at) VALUES ('87fac778-47bb-4da9-899b-c13d7a2120f7', '97ce7ee4-6752-4e4b-bfed-25643e3874dc', 4, '我看到明确的晋升机会', 'likert5', '职业发展', FALSE, 'high', '2026-07-09T14:52:28.952506+00');
INSERT INTO questions (id, project_id, index, text, question_type, dimension, is_reverse, confidence, created_at) VALUES ('9740b1f6-7e85-42ff-81ce-353ec3de38d1', '938cb4d6-956e-42bf-b846-eaf76f448e41', 1, '我对目前的工作感到满意', 'likert5', '工作满意度', FALSE, 'high', '2026-07-09T14:53:20.632826+00');
INSERT INTO questions (id, project_id, index, text, question_type, dimension, is_reverse, confidence, created_at) VALUES ('1cf31f29-6e70-4a85-89c8-a160b6be5462', '938cb4d6-956e-42bf-b846-eaf76f448e41', 2, '我愿意推荐这份工作给他人', 'likert5', '工作满意度', FALSE, 'high', '2026-07-09T14:53:20.632826+00');
INSERT INTO questions (id, project_id, index, text, question_type, dimension, is_reverse, confidence, created_at) VALUES ('5a0742e8-2530-4616-b9c5-5a7d77f3dcb8', '938cb4d6-956e-42bf-b846-eaf76f448e41', 3, '我有清晰的职业发展路径', 'likert5', '职业发展', FALSE, 'high', '2026-07-09T14:53:20.632826+00');
INSERT INTO questions (id, project_id, index, text, question_type, dimension, is_reverse, confidence, created_at) VALUES ('6f424d1c-2150-4c07-af3b-3cacce90a5f1', '938cb4d6-956e-42bf-b846-eaf76f448e41', 4, '我看到明确的晋升机会', 'likert5', '职业发展', FALSE, 'high', '2026-07-09T14:53:20.632826+00');
INSERT INTO questions (id, project_id, index, text, question_type, dimension, is_reverse, confidence, created_at) VALUES ('5e1d25d9-7828-4fef-ab19-cadb11e98c17', 'd38469ff-4401-4cc0-b770-a55f7b9da768', 1, '我对目前的工作环境感到满意', 'likert5', '工作满意度', FALSE, 'high', '2026-07-10T03:14:02.121396+00');
INSERT INTO questions (id, project_id, index, text, question_type, dimension, is_reverse, confidence, created_at) VALUES ('d9a73b98-9b34-4a97-b6ec-d4ea64662d25', 'd38469ff-4401-4cc0-b770-a55f7b9da768', 2, '我的工作内容让我感到有成就感', 'likert5', '工作满意度', FALSE, 'high', '2026-07-10T03:14:02.123455+00');
INSERT INTO questions (id, project_id, index, text, question_type, dimension, is_reverse, confidence, created_at) VALUES ('6dba5e4c-f990-4932-85c7-3d1e6848e661', 'd38469ff-4401-4cc0-b770-a55f7b9da768', 3, '我与同事之间的关系融洽', 'likert5', '人际关系', FALSE, 'high', '2026-07-10T03:14:02.124663+00');
INSERT INTO questions (id, project_id, index, text, question_type, dimension, is_reverse, confidence, created_at) VALUES ('527596a8-0bb6-4051-8d9b-a81ae78c4f1c', 'd38469ff-4401-4cc0-b770-a55f7b9da768', 4, '我不喜欢目前的工作节奏', 'likert5', '工作感受', TRUE, 'high', '2026-07-10T03:14:02.127544+00');
INSERT INTO questions (id, project_id, index, text, question_type, dimension, is_reverse, confidence, created_at) VALUES ('56ec198e-3e36-464f-81e8-f9729c6f6a51', 'd38469ff-4401-4cc0-b770-a55f7b9da768', 5, '我的薪资待遇符合我的期望', 'likert5', '薪酬福利', FALSE, 'high', '2026-07-10T03:14:02.128551+00');
INSERT INTO questions (id, project_id, index, text, question_type, dimension, is_reverse, confidence, created_at) VALUES ('854d18de-d44c-4069-8744-e4610fb3a8d5', 'd38469ff-4401-4cc0-b770-a55f7b9da768', 6, '我有清晰的职业发展路径', 'likert5', '职业发展', FALSE, 'high', '2026-07-10T03:14:02.130676+00');
INSERT INTO questions (id, project_id, index, text, question_type, dimension, is_reverse, confidence, created_at) VALUES ('2734fae8-7c81-40bd-94bf-e5feb9ae14d6', 'd38469ff-4401-4cc0-b770-a55f7b9da768', 7, '我的工作压力在可接受范围内', 'likert5', '工作压力', FALSE, 'high', '2026-07-10T03:14:02.131183+00');
INSERT INTO questions (id, project_id, index, text, question_type, dimension, is_reverse, confidence, created_at) VALUES ('7c0c3ed3-4b1b-4c56-b608-b7d5aa225b5a', 'd38469ff-4401-4cc0-b770-a55f7b9da768', 8, '我不认同公司的管理方式', 'likert5', '组织认同', TRUE, 'high', '2026-07-10T03:14:02.133689+00');
INSERT INTO questions (id, project_id, index, text, question_type, dimension, is_reverse, confidence, created_at) VALUES ('614feb40-42cc-456c-854c-edbf9240b528', 'd38469ff-4401-4cc0-b770-a55f7b9da768', 9, '我的工作与生活平衡良好', 'likert5', '工作生活平衡', FALSE, 'high', '2026-07-10T03:14:02.138929+00');
INSERT INTO questions (id, project_id, index, text, question_type, dimension, is_reverse, confidence, created_at) VALUES ('69269f88-bcab-4f38-95f8-36583d9326dd', 'd38469ff-4401-4cc0-b770-a55f7b9da768', 10, '我对公司的未来充满信心', 'likert5', '组织认同', FALSE, 'high', '2026-07-10T03:14:02.141874+00');
INSERT INTO questions (id, project_id, index, text, question_type, dimension, is_reverse, confidence, created_at) VALUES ('e24b1f40-306f-4daa-bff4-8075a0ab1183', '69bd11b8-c467-4af2-9eeb-9184e06d18fc', 1, '我喜欢学习新知识', 'likert5', '学习情感/态度', FALSE, 'high', '2026-07-10T06:52:32.061639+00');
INSERT INTO questions (id, project_id, index, text, question_type, dimension, is_reverse, confidence, created_at) VALUES ('6be575b2-221f-4117-858f-6a44559ca4c8', '69bd11b8-c467-4af2-9eeb-9184e06d18fc', 2, '我能专注完成学习任务', 'likert5', '学习行为/自律', FALSE, 'high', '2026-07-10T06:52:32.063264+00');
INSERT INTO questions (id, project_id, index, text, question_type, dimension, is_reverse, confidence, created_at) VALUES ('5bc56d49-5934-47a8-ad63-868134eb73fd', '69bd11b8-c467-4af2-9eeb-9184e06d18fc', 3, '学习让我感到充实', 'likert5', '学习情感/态度', FALSE, 'high', '2026-07-10T06:52:32.065947+00');
INSERT INTO questions (id, project_id, index, text, question_type, dimension, is_reverse, confidence, created_at) VALUES ('df8e0704-66ff-4a85-90d6-3fc5825906b4', '69bd11b8-c467-4af2-9eeb-9184e06d18fc', 4, '我经常制定学习计划', 'likert5', '学习行为/策略', FALSE, 'high', '2026-07-10T06:52:32.066947+00');
INSERT INTO questions (id, project_id, index, text, question_type, dimension, is_reverse, confidence, created_at) VALUES ('d98b4344-85f1-4586-9b86-31aec2792b26', '69bd11b8-c467-4af2-9eeb-9184e06d18fc', 5, '我能按时完成作业', 'likert5', '学习行为/自律', FALSE, 'high', '2026-07-10T06:52:32.068453+00');
INSERT INTO questions (id, project_id, index, text, question_type, dimension, is_reverse, confidence, created_at) VALUES ('d732c2e4-6a21-48a1-bde7-5f80ae682f7f', '69bd11b8-c467-4af2-9eeb-9184e06d18fc', 6, '课堂讨论让我受益匪浅', 'likert5', '学习情感/态度', FALSE, 'low', '2026-07-10T06:52:32.069971+00');
INSERT INTO questions (id, project_id, index, text, question_type, dimension, is_reverse, confidence, created_at) VALUES ('58bc804c-0443-4d1c-94c3-142b5691f27a', '69bd11b8-c467-4af2-9eeb-9184e06d18fc', 7, '我善于总结学习经验', 'likert5', '学习行为/策略', FALSE, 'high', '2026-07-10T06:52:32.071499+00');
INSERT INTO questions (id, project_id, index, text, question_type, dimension, is_reverse, confidence, created_at) VALUES ('eba90d82-5cc9-4996-a9de-1ad593f1b528', '69bd11b8-c467-4af2-9eeb-9184e06d18fc', 8, '学习新技能让我有成就感', 'likert5', '学习情感/态度', FALSE, 'high', '2026-07-10T06:52:32.073506+00');
INSERT INTO questions (id, project_id, index, text, question_type, dimension, is_reverse, confidence, created_at) VALUES ('f483322d-7e1c-4813-a3d9-a08169ec61d0', '69bd11b8-c467-4af2-9eeb-9184e06d18fc', 9, '我能独立解决学习难题', 'likert5', '学习行为/策略', FALSE, 'high', '2026-07-10T06:52:32.075026+00');
INSERT INTO questions (id, project_id, index, text, question_type, dimension, is_reverse, confidence, created_at) VALUES ('58813566-4707-4de2-90f8-c4e1b722cc55', '69bd11b8-c467-4af2-9eeb-9184e06d18fc', 10, '学习目标明确对我很重要', 'likert5', '学习情感/态度', FALSE, 'high', '2026-07-10T06:52:32.077035+00');
INSERT INTO questions (id, project_id, index, text, question_type, dimension, is_reverse, confidence, created_at) VALUES ('c034a1ac-1404-4c18-8dbd-d30740b285a6', '1d1c3247-9290-4a2b-91de-96c0fa6f9396', 1, '我对当前工作感到满意。', 'likert5', '工作满意度', FALSE, 'high', '2026-07-10T08:40:23.470298+00');
INSERT INTO questions (id, project_id, index, text, question_type, dimension, is_reverse, confidence, created_at) VALUES ('474258fb-9a11-406b-83cb-e75b8c2d95ca', '1d1c3247-9290-4a2b-91de-96c0fa6f9396', 2, '我和同事关系融洽。', 'likert5', '人际关系', FALSE, 'high', '2026-07-10T08:40:23.473907+00');
INSERT INTO questions (id, project_id, index, text, question_type, dimension, is_reverse, confidence, created_at) VALUES ('d3939071-45da-49a9-808e-0ed07c102848', '1d1c3247-9290-4a2b-91de-96c0fa6f9396', 3, '工作让我感到有成就感。', 'likert5', '工作感受', FALSE, 'high', '2026-07-10T08:40:23.478190+00');
INSERT INTO questions (id, project_id, index, text, question_type, dimension, is_reverse, confidence, created_at) VALUES ('77c08802-29ee-4f10-b06f-b87f35afc382', '1d1c3247-9290-4a2b-91de-96c0fa6f9396', 4, '我对薪酬福利满意。', 'likert5', '薪酬福利', FALSE, 'high', '2026-07-10T08:40:23.482781+00');
INSERT INTO questions (id, project_id, index, text, question_type, dimension, is_reverse, confidence, created_at) VALUES ('154bdff6-d922-4677-87a7-f25b4d4fc6f4', '1d1c3247-9290-4a2b-91de-96c0fa6f9396', 5, '我有清晰的职业发展路径。', 'likert5', '职业发展', FALSE, 'high', '2026-07-10T08:40:23.485950+00');
INSERT INTO questions (id, project_id, index, text, question_type, dimension, is_reverse, confidence, created_at) VALUES ('355d8cd0-0982-4cfe-aa16-b866e432f5b2', '1d1c3247-9290-4a2b-91de-96c0fa6f9396', 6, '工作压力较大。', 'likert5', '工作压力', TRUE, 'high', '2026-07-10T08:40:23.486893+00');
INSERT INTO questions (id, project_id, index, text, question_type, dimension, is_reverse, confidence, created_at) VALUES ('99155b3c-35b4-43b4-a7e4-036b867dfeb5', '1d1c3247-9290-4a2b-91de-96c0fa6f9396', 7, '我认同公司的价值观。', 'likert5', '组织认同', FALSE, 'high', '2026-07-10T08:40:23.492777+00');
INSERT INTO questions (id, project_id, index, text, question_type, dimension, is_reverse, confidence, created_at) VALUES ('06b4bb79-0711-4c2c-b4c3-f98dc5d8111c', '1d1c3247-9290-4a2b-91de-96c0fa6f9396', 8, '工作和生活平衡良好。', 'likert5', '工作生活平衡', FALSE, 'high', '2026-07-10T08:40:23.497336+00');
INSERT INTO questions (id, project_id, index, text, question_type, dimension, is_reverse, confidence, created_at) VALUES ('99cc57e8-3cf9-4400-a88a-96ab5ca04ce7', 'a425e249-9f93-43b8-9c69-188866f4c163', 1, '我对目前的工作内容感到满意', 'likert5', '人际关系', TRUE, 'low', '2026-07-10T14:56:44.956725+00');
INSERT INTO questions (id, project_id, index, text, question_type, dimension, is_reverse, confidence, created_at) VALUES ('cdac698a-a103-4c0e-9754-c6955bbb372b', 'a425e249-9f93-43b8-9c69-188866f4c163', 2, '我与同事之间的关系融洽', 'likert5', '人际关系', FALSE, 'high', '2026-07-10T14:56:44.960449+00');
INSERT INTO questions (id, project_id, index, text, question_type, dimension, is_reverse, confidence, created_at) VALUES ('d4f02c83-5b2b-448a-9575-0cec3cddeeca', 'a425e249-9f93-43b8-9c69-188866f4c163', 3, '我对工作环境感到舒适', 'likert5', '工作条件', FALSE, 'high', '2026-07-10T14:56:44.962459+00');
INSERT INTO questions (id, project_id, index, text, question_type, dimension, is_reverse, confidence, created_at) VALUES ('db16457a-33b6-42d2-8ea8-e8b1ebcac7af', 'a425e249-9f93-43b8-9c69-188866f4c163', 4, '我对公司的薪酬福利感到满意', 'likert5', '薪酬福利', FALSE, 'high', '2026-07-10T14:56:44.965177+00');
INSERT INTO questions (id, project_id, index, text, question_type, dimension, is_reverse, confidence, created_at) VALUES ('302e07b6-caeb-486a-a4ac-01e6c1da2abb', 'a425e249-9f93-43b8-9c69-188866f4c163', 5, '我对自己的职业发展前景充满信心', 'likert5', '职业发展', FALSE, 'high', '2026-07-10T14:56:44.967190+00');
INSERT INTO questions (id, project_id, index, text, question_type, dimension, is_reverse, confidence, created_at) VALUES ('c6a6bebc-f2cf-4625-b8ae-f13d3f6f2f0f', 'a425e249-9f93-43b8-9c69-188866f4c163', 6, '工作压力有时让我感到疲惫', 'likert5', '工作压力', TRUE, 'high', '2026-07-10T14:56:44.969788+00');
INSERT INTO questions (id, project_id, index, text, question_type, dimension, is_reverse, confidence, created_at) VALUES ('84424e04-41dd-453f-892e-503f62c3966e', 'a425e249-9f93-43b8-9c69-188866f4c163', 7, '我认同组织的价值观和企业文化', 'likert5', '组织认同', FALSE, 'high', '2026-07-10T14:56:44.976012+00');
INSERT INTO questions (id, project_id, index, text, question_type, dimension, is_reverse, confidence, created_at) VALUES ('630efad0-026d-473d-83ad-306cbbf1b2b6', 'a425e249-9f93-43b8-9c69-188866f4c163', 8, '工作与生活能够保持良好的平衡', 'likert5', '工作生活平衡', FALSE, 'high', '2026-07-10T14:56:44.977811+00');
INSERT INTO questions (id, project_id, index, text, question_type, dimension, is_reverse, confidence, created_at) VALUES ('3bf9d6f0-f65c-46d3-88d5-1738931a274b', '99d013d6-6168-45eb-8acf-3ed101226ab5', 1, '我对目前的工作内容感到满意', 'likert5', '工作满意度', FALSE, 'high', '2026-07-14T11:25:51.217774+00');
INSERT INTO questions (id, project_id, index, text, question_type, dimension, is_reverse, confidence, created_at) VALUES ('a69c01af-75ff-40a9-b2ec-82134ab91c58', '99d013d6-6168-45eb-8acf-3ed101226ab5', 2, '我与同事之间的关系融洽', 'likert5', '人际关系', FALSE, 'high', '2026-07-14T11:25:51.226546+00');
INSERT INTO questions (id, project_id, index, text, question_type, dimension, is_reverse, confidence, created_at) VALUES ('86a51f44-45ce-4130-99e3-88c1c78bb85d', '99d013d6-6168-45eb-8acf-3ed101226ab5', 3, '我对工作环境感到舒适', 'likert5', '工作环境', FALSE, 'high', '2026-07-14T11:25:51.236788+00');
INSERT INTO questions (id, project_id, index, text, question_type, dimension, is_reverse, confidence, created_at) VALUES ('3ed2f176-7439-4f04-8de0-abaf873da18d', '99d013d6-6168-45eb-8acf-3ed101226ab5', 4, '我对公司的薪酬福利感到满意', 'likert5', '薪酬福利', FALSE, 'high', '2026-07-14T11:25:51.244384+00');
INSERT INTO questions (id, project_id, index, text, question_type, dimension, is_reverse, confidence, created_at) VALUES ('ba5b20cd-d31c-4526-afd6-b5c76262c9ca', '99d013d6-6168-45eb-8acf-3ed101226ab5', 5, '我对自己的职业发展前景充满信心', 'likert5', '职业发展', FALSE, 'high', '2026-07-14T11:25:51.249864+00');
INSERT INTO questions (id, project_id, index, text, question_type, dimension, is_reverse, confidence, created_at) VALUES ('cb2d594c-918b-4a2c-b310-a7d9a889b4b1', '99d013d6-6168-45eb-8acf-3ed101226ab5', 6, '工作压力有时让我感到疲惫', 'likert5', '工作压力', TRUE, 'high', '2026-07-14T11:25:51.254471+00');
INSERT INTO questions (id, project_id, index, text, question_type, dimension, is_reverse, confidence, created_at) VALUES ('d8792b20-cced-49c8-8aab-fb9adc999636', '99d013d6-6168-45eb-8acf-3ed101226ab5', 7, '我认同组织的价值观和企业文化', 'likert5', '组织认同', FALSE, 'high', '2026-07-14T11:25:51.257547+00');
INSERT INTO questions (id, project_id, index, text, question_type, dimension, is_reverse, confidence, created_at) VALUES ('25fec466-9f27-4841-8a3c-a206f7e5b6b6', '99d013d6-6168-45eb-8acf-3ed101226ab5', 8, '工作与生活能够保持良好的平衡', 'likert5', '工作生活平衡', FALSE, 'high', '2026-07-14T11:25:51.261574+00');
INSERT INTO questions (id, project_id, index, text, question_type, dimension, is_reverse, confidence, created_at) VALUES ('a1b9a2b7-6a1d-4698-8043-0d344d3da299', 'c5345651-eaf7-42d6-a4fa-b9c3981f89ae', 1, '我对学习新知识充满热情', 'likert5', '学习动机', FALSE, 'high', '2026-07-14T11:38:08.448915+00');
INSERT INTO questions (id, project_id, index, text, question_type, dimension, is_reverse, confidence, created_at) VALUES ('45212623-904e-485e-9f22-44498de07ea6', 'c5345651-eaf7-42d6-a4fa-b9c3981f89ae', 2, '我能够集中注意力完成学习任务', 'likert5', '学习策略', FALSE, 'high', '2026-07-14T11:38:08.452980+00');
INSERT INTO questions (id, project_id, index, text, question_type, dimension, is_reverse, confidence, created_at) VALUES ('5ae28709-07de-4967-adcb-c9a4efa73a82', 'c5345651-eaf7-42d6-a4fa-b9c3981f89ae', 3, '我相信自己能够掌握所学内容', 'likert5', '自我效能感', FALSE, 'high', '2026-07-14T11:38:08.454988+00');
INSERT INTO questions (id, project_id, index, text, question_type, dimension, is_reverse, confidence, created_at) VALUES ('744ef7bb-ecf7-4a49-8210-dbe133c77c81', 'c5345651-eaf7-42d6-a4fa-b9c3981f89ae', 4, '我学习是为了获得好成绩', 'likert5', '学习动机', FALSE, 'high', '2026-07-14T11:38:08.459192+00');
INSERT INTO questions (id, project_id, index, text, question_type, dimension, is_reverse, confidence, created_at) VALUES ('2d41da64-3846-40b8-8225-2ddadd198750', 'c5345651-eaf7-42d6-a4fa-b9c3981f89ae', 5, '我学习是为了未来的职业发展', 'likert5', '学习动机', FALSE, 'high', '2026-07-14T11:38:08.461219+00');
INSERT INTO questions (id, project_id, index, text, question_type, dimension, is_reverse, confidence, created_at) VALUES ('c5e6aecd-e051-4892-bf51-95af8dc47b54', 'c5345651-eaf7-42d6-a4fa-b9c3981f89ae', 6, '我对所学专业感兴趣', 'likert5', '学习动机', FALSE, 'high', '2026-07-14T11:38:08.463292+00');
INSERT INTO questions (id, project_id, index, text, question_type, dimension, is_reverse, confidence, created_at) VALUES ('951ee9de-a6d8-404f-8a4c-1ede26614642', 'c5345651-eaf7-42d6-a4fa-b9c3981f89ae', 7, '我能够合理安排学习时间', 'likert5', '学习策略', FALSE, 'high', '2026-07-14T11:38:08.465330+00');

-- hypotheses
DELETE FROM hypotheses;
INSERT INTO hypotheses (id, project_id, raw_text, created_at) VALUES ('671de1d1-720c-4b50-9c55-f87c40a5d312', 'dab0adae-0235-4bd6-b1c1-2e5683bc78e7', '工作满意度正向影响职业发展', '2026-07-09T14:48:52.261811+00');
INSERT INTO hypotheses (id, project_id, raw_text, created_at) VALUES ('535b6cfd-d65e-4299-a60a-3f012a3370cf', '79910741-745f-4e83-b02f-a69096f3a6ce', '工作满意度正向影响职业发展', '2026-07-09T14:51:17.428207+00');
INSERT INTO hypotheses (id, project_id, raw_text, created_at) VALUES ('8275d0e0-b7b2-4fe6-b630-b6247354d278', '97ce7ee4-6752-4e4b-bfed-25643e3874dc', '工作满意度正向影响职业发展', '2026-07-09T14:52:28.952506+00');
INSERT INTO hypotheses (id, project_id, raw_text, created_at) VALUES ('d2d74a22-a681-4c21-a892-29bb5085f6ff', '938cb4d6-956e-42bf-b846-eaf76f448e41', '工作满意度正向影响职业发展', '2026-07-09T14:53:20.632826+00');
INSERT INTO hypotheses (id, project_id, raw_text, created_at) VALUES ('9a8154c8-690b-4a9b-9c25-16b1148d353a', 'd38469ff-4401-4cc0-b770-a55f7b9da768', '工作满意度正向影响职业发展，工作压力负向影响工作满意度', '2026-07-10T03:14:05.308891+00');
INSERT INTO hypotheses (id, project_id, raw_text, created_at) VALUES ('74f5c608-778e-46f9-8e25-aac2c35b66e2', '1d1c3247-9290-4a2b-91de-96c0fa6f9396', '工作满意度正向影响职业发展，工作压力负向影响工作满意度', '2026-07-10T08:48:21.113758+00');
INSERT INTO hypotheses (id, project_id, raw_text, created_at) VALUES ('202ae917-3392-4eb9-8c3f-3f06a531381e', '1d1c3247-9290-4a2b-91de-96c0fa6f9396', '工作满意度正向影响职业发展，工作压力负向影响工作满意度', '2026-07-10T08:48:41.874003+00');
INSERT INTO hypotheses (id, project_id, raw_text, created_at) VALUES ('69e09b05-e652-4d69-8619-95cdfddd22b3', 'a425e249-9f93-43b8-9c69-188866f4c163', '要求都显著', '2026-07-10T14:57:20.258052+00');
INSERT INTO hypotheses (id, project_id, raw_text, created_at) VALUES ('e389a545-42a5-4df3-9a36-f9e9f5278a2a', 'a425e249-9f93-43b8-9c69-188866f4c163', '要求都显著', '2026-07-10T14:57:28.450270+00');
INSERT INTO hypotheses (id, project_id, raw_text, created_at) VALUES ('b322535f-ba58-43cb-bd45-b7e4dd0b2a8d', 'a425e249-9f93-43b8-9c69-188866f4c163', '要求都显著', '2026-07-12T16:23:27.440395+00');
INSERT INTO hypotheses (id, project_id, raw_text, created_at) VALUES ('c452c06c-077f-47f7-8bde-4ded7b022989', 'c5345651-eaf7-42d6-a4fa-b9c3981f89ae', '学习动机越强，学业越好', '2026-07-14T11:40:05.654050+00');
INSERT INTO hypotheses (id, project_id, raw_text, created_at) VALUES ('e7d650e3-70e6-4e7e-9cf2-9c5b09ebcfc8', 'c5345651-eaf7-42d6-a4fa-b9c3981f89ae', '学习动机越强，学业越好', '2026-07-14T11:40:16.312147+00');

-- hypothesis_paths
DELETE FROM hypothesis_paths;
INSERT INTO hypothesis_paths (id, hypothesis_id, predictor, outcome, direction, strength) VALUES ('51aea92e-1d27-4549-8327-f77de670f8f6', '671de1d1-720c-4b50-9c55-f87c40a5d312', '工作满意度', '职业发展', 'positive', 'medium');
INSERT INTO hypothesis_paths (id, hypothesis_id, predictor, outcome, direction, strength) VALUES ('70017f40-0d08-4485-90d9-3102587e8b5f', '535b6cfd-d65e-4299-a60a-3f012a3370cf', '工作满意度', '职业发展', 'positive', 'medium');
INSERT INTO hypothesis_paths (id, hypothesis_id, predictor, outcome, direction, strength) VALUES ('c8a7d064-7e67-42b0-b99c-f3c96e43832a', '8275d0e0-b7b2-4fe6-b630-b6247354d278', '工作满意度', '职业发展', 'positive', 'medium');
INSERT INTO hypothesis_paths (id, hypothesis_id, predictor, outcome, direction, strength) VALUES ('30dfb0f2-a078-4783-8965-b44188fd561c', 'd2d74a22-a681-4c21-a892-29bb5085f6ff', '工作满意度', '职业发展', 'positive', 'medium');
INSERT INTO hypothesis_paths (id, hypothesis_id, predictor, outcome, direction, strength) VALUES ('bb554890-b7d2-4d0a-af82-72a4dd3ac13f', '9a8154c8-690b-4a9b-9c25-16b1148d353a', '工作满意度', '职业发展', 'positive', 'medium');
INSERT INTO hypothesis_paths (id, hypothesis_id, predictor, outcome, direction, strength) VALUES ('96df87b7-8ec5-47b7-898d-1aa3d362aef9', '9a8154c8-690b-4a9b-9c25-16b1148d353a', '工作压力', '工作满意度', 'negative', 'medium');
INSERT INTO hypothesis_paths (id, hypothesis_id, predictor, outcome, direction, strength) VALUES ('336b4755-0e1f-4d09-93ba-1f4f2c7f4779', '74f5c608-778e-46f9-8e25-aac2c35b66e2', '工作满意度', '职业发展', 'positive', 'medium');
INSERT INTO hypothesis_paths (id, hypothesis_id, predictor, outcome, direction, strength) VALUES ('6f9a718e-e136-4ad2-a503-73e33ff1a6a7', '74f5c608-778e-46f9-8e25-aac2c35b66e2', '工作压力', '工作满意度', 'negative', 'medium');
INSERT INTO hypothesis_paths (id, hypothesis_id, predictor, outcome, direction, strength) VALUES ('38bfdae2-8665-4e9e-8376-7f9481e2efe2', '202ae917-3392-4eb9-8c3f-3f06a531381e', '工作满意度', '职业发展', 'positive', 'medium');
INSERT INTO hypothesis_paths (id, hypothesis_id, predictor, outcome, direction, strength) VALUES ('773fdd0c-5e72-4b92-8b16-5c50864cd394', '202ae917-3392-4eb9-8c3f-3f06a531381e', '工作压力', '工作满意度', 'negative', 'medium');
INSERT INTO hypothesis_paths (id, hypothesis_id, predictor, outcome, direction, strength) VALUES ('c05203d9-71bb-46d6-aa9d-4c5807c834cb', '69e09b05-e652-4d69-8619-95cdfddd22b3', '人际关系', '工作满意度', 'positive', 'medium');
INSERT INTO hypothesis_paths (id, hypothesis_id, predictor, outcome, direction, strength) VALUES ('659f485d-f310-4797-b0e2-8683880e4cc7', '69e09b05-e652-4d69-8619-95cdfddd22b3', '工作条件', '工作满意度', 'positive', 'medium');
INSERT INTO hypothesis_paths (id, hypothesis_id, predictor, outcome, direction, strength) VALUES ('990c0973-57c7-4c49-9b38-5ce337c859c8', '69e09b05-e652-4d69-8619-95cdfddd22b3', '薪酬福利', '工作满意度', 'positive', 'medium');
INSERT INTO hypothesis_paths (id, hypothesis_id, predictor, outcome, direction, strength) VALUES ('abde2202-e19c-4c02-8964-7e1acfdd5e31', '69e09b05-e652-4d69-8619-95cdfddd22b3', '职业发展', '工作满意度', 'positive', 'strong');
INSERT INTO hypothesis_paths (id, hypothesis_id, predictor, outcome, direction, strength) VALUES ('0f3a6d06-f8d2-48d1-a9b2-f34a3e5646e9', '69e09b05-e652-4d69-8619-95cdfddd22b3', '工作压力', '工作满意度', 'negative', 'strong');
INSERT INTO hypothesis_paths (id, hypothesis_id, predictor, outcome, direction, strength) VALUES ('8718c462-98ba-495b-87eb-fee17ed86175', '69e09b05-e652-4d69-8619-95cdfddd22b3', '组织认同', '工作满意度', 'positive', 'strong');
INSERT INTO hypothesis_paths (id, hypothesis_id, predictor, outcome, direction, strength) VALUES ('30bce279-4c2e-4b65-8c4d-c96c0915e071', '69e09b05-e652-4d69-8619-95cdfddd22b3', '工作生活平衡', '工作满意度', 'positive', 'medium');
INSERT INTO hypothesis_paths (id, hypothesis_id, predictor, outcome, direction, strength) VALUES ('0197b786-3796-46eb-9493-a3b0cca3719a', 'e389a545-42a5-4df3-9a36-f9e9f5278a2a', '工作满意度', '组织认同', 'positive', 'strong');
INSERT INTO hypothesis_paths (id, hypothesis_id, predictor, outcome, direction, strength) VALUES ('1d1445a1-7515-4710-b7a8-4ef9df8fdd72', 'e389a545-42a5-4df3-9a36-f9e9f5278a2a', '人际关系', '组织认同', 'positive', 'medium');
INSERT INTO hypothesis_paths (id, hypothesis_id, predictor, outcome, direction, strength) VALUES ('6c0c1499-167a-42eb-80e6-63e0f5ac47a7', 'e389a545-42a5-4df3-9a36-f9e9f5278a2a', '工作条件', '工作压力', 'negative', 'medium');
INSERT INTO hypothesis_paths (id, hypothesis_id, predictor, outcome, direction, strength) VALUES ('3af40ee0-c307-41c4-94d9-2759840f7e81', 'e389a545-42a5-4df3-9a36-f9e9f5278a2a', '薪酬福利', '工作满意度', 'positive', 'medium');
INSERT INTO hypothesis_paths (id, hypothesis_id, predictor, outcome, direction, strength) VALUES ('c473e34a-f71a-4628-84ee-70ef7f5b08dc', 'e389a545-42a5-4df3-9a36-f9e9f5278a2a', '职业发展', '工作满意度', 'positive', 'strong');
INSERT INTO hypothesis_paths (id, hypothesis_id, predictor, outcome, direction, strength) VALUES ('75e6afaa-8e54-440c-8132-cdcb3fda8475', 'e389a545-42a5-4df3-9a36-f9e9f5278a2a', '工作压力', '工作生活平衡', 'negative', 'medium');
INSERT INTO hypothesis_paths (id, hypothesis_id, predictor, outcome, direction, strength) VALUES ('55c806a7-f4fd-4357-8467-8437f3c1bf80', 'e389a545-42a5-4df3-9a36-f9e9f5278a2a', '组织认同', '工作生活平衡', 'positive', 'weak');
INSERT INTO hypothesis_paths (id, hypothesis_id, predictor, outcome, direction, strength) VALUES ('901afc4c-b224-4473-b7bc-9a449e56a3d6', 'b322535f-ba58-43cb-bd45-b7e4dd0b2a8d', '人际关系', '组织认同', 'positive', 'medium');
INSERT INTO hypothesis_paths (id, hypothesis_id, predictor, outcome, direction, strength) VALUES ('2d7503b2-e7f8-4c7d-a34d-04fcd713209a', 'b322535f-ba58-43cb-bd45-b7e4dd0b2a8d', '工作条件', '组织认同', 'positive', 'medium');
INSERT INTO hypothesis_paths (id, hypothesis_id, predictor, outcome, direction, strength) VALUES ('950003e9-f821-4dac-bcfe-fb4ef569f584', 'b322535f-ba58-43cb-bd45-b7e4dd0b2a8d', '薪酬福利', '组织认同', 'positive', 'strong');
INSERT INTO hypothesis_paths (id, hypothesis_id, predictor, outcome, direction, strength) VALUES ('1bf8646a-6b49-4284-903d-c3b616a95dcb', 'b322535f-ba58-43cb-bd45-b7e4dd0b2a8d', '职业发展', '组织认同', 'positive', 'strong');
INSERT INTO hypothesis_paths (id, hypothesis_id, predictor, outcome, direction, strength) VALUES ('0703ef43-0b59-4133-884b-97062e8b0764', 'b322535f-ba58-43cb-bd45-b7e4dd0b2a8d', '工作压力', '组织认同', 'negative', 'medium');
INSERT INTO hypothesis_paths (id, hypothesis_id, predictor, outcome, direction, strength) VALUES ('29139dbf-15cb-4aa4-b107-2ae7042258e5', 'b322535f-ba58-43cb-bd45-b7e4dd0b2a8d', '工作生活平衡', '组织认同', 'positive', 'medium');
INSERT INTO hypothesis_paths (id, hypothesis_id, predictor, outcome, direction, strength) VALUES ('9c3e09c0-5b6f-46ef-a1ba-458eae0a4ca4', 'b322535f-ba58-43cb-bd45-b7e4dd0b2a8d', '人际关系', '工作生活平衡', 'positive', 'weak');
INSERT INTO hypothesis_paths (id, hypothesis_id, predictor, outcome, direction, strength) VALUES ('cc04d039-53f5-46c5-97b7-b41ecc93ea91', 'b322535f-ba58-43cb-bd45-b7e4dd0b2a8d', '工作条件', '工作生活平衡', 'positive', 'medium');
INSERT INTO hypothesis_paths (id, hypothesis_id, predictor, outcome, direction, strength) VALUES ('fca31a9b-a03c-448f-b0af-e242db2db0a3', 'b322535f-ba58-43cb-bd45-b7e4dd0b2a8d', '薪酬福利', '工作生活平衡', 'positive', 'medium');
INSERT INTO hypothesis_paths (id, hypothesis_id, predictor, outcome, direction, strength) VALUES ('164966ce-3b86-4310-b90f-3ba5bd07856e', 'b322535f-ba58-43cb-bd45-b7e4dd0b2a8d', '职业发展', '工作生活平衡', 'positive', 'weak');
INSERT INTO hypothesis_paths (id, hypothesis_id, predictor, outcome, direction, strength) VALUES ('9067e96a-dd74-4c55-8db1-608b808f8c71', 'b322535f-ba58-43cb-bd45-b7e4dd0b2a8d', '工作压力', '工作生活平衡', 'negative', 'strong');
INSERT INTO hypothesis_paths (id, hypothesis_id, predictor, outcome, direction, strength) VALUES ('5714a4d7-2e05-41e9-bef4-08c4f1fe1147', 'c452c06c-077f-47f7-8bde-4ded7b022989', '学习动机', '学业成绩', 'positive', 'medium');
INSERT INTO hypothesis_paths (id, hypothesis_id, predictor, outcome, direction, strength) VALUES ('d33e0d9e-7fe2-44cd-9777-59706c1b8f57', 'e7d650e3-70e6-4e7e-9cf2-9c5b09ebcfc8', '学习动机', '学业成绩', 'positive', 'medium');

-- correlation_matrices
DELETE FROM correlation_matrices;
INSERT INTO correlation_matrices (id, project_id, dimensions, cells, created_at, updated_at) VALUES ('6544ac46-9d3f-4e71-8f56-aab764784787', '1d1c3247-9290-4a2b-91de-96c0fa6f9396', '["工作满意度", "人际关系", "工作感受", "薪酬福利", "职业发展", "工作压力", "组织认同", "工作生活平衡"]', '[[{"row": "工作满意度", "col": "工作满意度", "value": 1.0, "source": "system"}, {"row": "工作满意度", "col": "人际关系", "value": 0.0, "source": "system"}, {"row": "工作满意度", "col": "工作感受", "value": 0.4, "source": "user"}, {"row": "工作满意度", "col": "薪酬福利", "value": 0.0, "source": "system"}, {"row": "工作满意度", "col": "职业发展", "value": 0.4, "source": "user"}, {"row": "工作满意度", "col": "工作压力", "value": -0.4, "source": "user"}, {"row": "工作满意度", "col": "组织认同", "value": 0.0, "source": "system"}, {"row": "工作满意度", "col": "工作生活平衡", "value": 0.0, "source": "system"}], [{"row": "人际关系", "col": "工作满意度", "value": 0.0, "source": "system"}, {"row": "人际关系", "col": "人际关系", "value": 1.0, "source": "system"}, {"row": "人际关系", "col": "工作感受", "value": 0.0, "source": "system"}, {"row": "人际关系", "col": "薪酬福利", "value": 0.0, "source": "system"}, {"row": "人际关系", "col": "职业发展", "value": 0.0, "source": "system"}, {"row": "人际关系", "col": "工作压力", "value": 0.0, "source": "system"}, {"row": "人际关系", "col": "组织认同", "value": 0.0, "source": "system"}, {"row": "人际关系", "col": "工作生活平衡", "value": 0.0, "source": "system"}], [{"row": "工作感受", "col": "工作满意度", "value": 0.4, "source": "user"}, {"row": "工作感受", "col": "人际关系", "value": 0.0, "source": "system"}, {"row": "工作感受", "col": "工作感受", "value": 1.0, "source": "system"}, {"row": "工作感受", "col": "薪酬福利", "value": 0.0, "source": "system"}, {"row": "工作感受", "col": "职业发展", "value": 0.0, "source": "system"}, {"row": "工作感受", "col": "工作压力", "value": 0.0, "source": "system"}, {"row": "工作感受", "col": "组织认同", "value": 0.0, "source": "system"}, {"row": "工作感受", "col": "工作生活平衡", "value": 0.0, "source": "system"}], [{"row": "薪酬福利", "col": "工作满意度", "value": 0.0, "source": "system"}, {"row": "薪酬福利", "col": "人际关系", "value": 0.0, "source": "system"}, {"row": "薪酬福利", "col": "工作感受", "value": 0.0, "source": "system"}, {"row": "薪酬福利", "col": "薪酬福利", "value": 1.0, "source": "system"}, {"row": "薪酬福利", "col": "职业发展", "value": 0.0, "source": "system"}, {"row": "薪酬福利", "col": "工作压力", "value": 0.0, "source": "system"}, {"row": "薪酬福利", "col": "组织认同", "value": 0.0, "source": "system"}, {"row": "薪酬福利", "col": "工作生活平衡", "value": 0.0, "source": "system"}], [{"row": "职业发展", "col": "工作满意度", "value": 0.4, "source": "user"}, {"row": "职业发展", "col": "人际关系", "value": 0.0, "source": "system"}, {"row": "职业发展", "col": "工作感受", "value": 0.0, "source": "system"}, {"row": "职业发展", "col": "薪酬福利", "value": 0.0, "source": "system"}, {"row": "职业发展", "col": "职业发展", "value": 1.0, "source": "system"}, {"row": "职业发展", "col": "工作压力", "value": 0.0, "source": "system"}, {"row": "职业发展", "col": "组织认同", "value": 0.0, "source": "system"}, {"row": "职业发展", "col": "工作生活平衡", "value": 0.0, "source": "system"}], [{"row": "工作压力", "col": "工作满意度", "value": -0.4, "source": "user"}, {"row": "工作压力", "col": "人际关系", "value": 0.0, "source": "system"}, {"row": "工作压力", "col": "工作感受", "value": 0.0, "source": "system"}, {"row": "工作压力", "col": "薪酬福利", "value": 0.0, "source": "system"}, {"row": "工作压力", "col": "职业发展", "value": 0.0, "source": "system"}, {"row": "工作压力", "col": "工作压力", "value": 1.0, "source": "system"}, {"row": "工作压力", "col": "组织认同", "value": 0.0, "source": "system"}, {"row": "工作压力", "col": "工作生活平衡", "value": 0.0, "source": "system"}], [{"row": "组织认同", "col": "工作满意度", "value": 0.0, "source": "system"}, {"row": "组织认同", "col": "人际关系", "value": 0.0, "source": "system"}, {"row": "组织认同", "col": "工作感受", "value": 0.0, "source": "system"}, {"row": "组织认同", "col": "薪酬福利", "value": 0.0, "source": "system"}, {"row": "组织认同", "col": "职业发展", "value": 0.0, "source": "system"}, {"row": "组织认同", "col": "工作压力", "value": 0.0, "source": "system"}, {"row": "组织认同", "col": "组织认同", "value": 1.0, "source": "system"}, {"row": "组织认同", "col": "工作生活平衡", "value": 0.0, "source": "system"}], [{"row": "工作生活平衡", "col": "工作满意度", "value": 0.0, "source": "system"}, {"row": "工作生活平衡", "col": "人际关系", "value": 0.0, "source": "system"}, {"row": "工作生活平衡", "col": "工作感受", "value": 0.0, "source": "system"}, {"row": "工作生活平衡", "col": "薪酬福利", "value": 0.0, "source": "system"}, {"row": "工作生活平衡", "col": "职业发展", "value": 0.0, "source": "system"}, {"row": "工作生活平衡", "col": "工作压力", "value": 0.0, "source": "system"}, {"row": "工作生活平衡", "col": "组织认同", "value": 0.0, "source": "system"}, {"row": "工作生活平衡", "col": "工作生活平衡", "value": 1.0, "source": "system"}]]', '2026-07-10T09:50:31.549381+00', '2026-07-10T09:52:54.781809+00');

-- simulation_configs
DELETE FROM simulation_configs;
INSERT INTO simulation_configs (id, project_id, sample_size, hypothesis_id, matrix_id, created_at) VALUES ('9a9640e3-6afd-42f0-aa79-9f191772ccbc', '79910741-745f-4e83-b02f-a69096f3a6ce', 200, '535b6cfd-d65e-4299-a60a-3f012a3370cf', NULL, '2026-07-09T14:51:24.181325+00');
INSERT INTO simulation_configs (id, project_id, sample_size, hypothesis_id, matrix_id, created_at) VALUES ('8303a976-46b3-400f-b93f-eb54e7184b93', '97ce7ee4-6752-4e4b-bfed-25643e3874dc', 200, '8275d0e0-b7b2-4fe6-b630-b6247354d278', NULL, '2026-07-09T14:52:33.081230+00');
INSERT INTO simulation_configs (id, project_id, sample_size, hypothesis_id, matrix_id, created_at) VALUES ('ac198cd9-0c94-4b0d-af95-7f82d40646aa', '938cb4d6-956e-42bf-b846-eaf76f448e41', 200, 'd2d74a22-a681-4c21-a892-29bb5085f6ff', NULL, '2026-07-09T14:53:24.799075+00');
INSERT INTO simulation_configs (id, project_id, sample_size, hypothesis_id, matrix_id, created_at) VALUES ('90f3ff3b-3a63-4f10-bdf3-57302a2394fa', 'd38469ff-4401-4cc0-b770-a55f7b9da768', 200, '9a8154c8-690b-4a9b-9c25-16b1148d353a', NULL, '2026-07-10T03:14:07.589626+00');
INSERT INTO simulation_configs (id, project_id, sample_size, hypothesis_id, matrix_id, created_at) VALUES ('9e0351bf-e8b5-4103-a7cc-c7b8b27dceb2', '1d1c3247-9290-4a2b-91de-96c0fa6f9396', 200, '202ae917-3392-4eb9-8c3f-3f06a531381e', NULL, '2026-07-10T08:48:42.019292+00');
INSERT INTO simulation_configs (id, project_id, sample_size, hypothesis_id, matrix_id, created_at) VALUES ('814fc60b-c1f9-405f-bb95-f2150768470a', 'a425e249-9f93-43b8-9c69-188866f4c163', 200, 'e389a545-42a5-4df3-9a36-f9e9f5278a2a', NULL, '2026-07-10T14:57:28.569518+00');
INSERT INTO simulation_configs (id, project_id, sample_size, hypothesis_id, matrix_id, created_at) VALUES ('e0bfbeca-d683-413c-9416-9a57145a8fe1', 'a425e249-9f93-43b8-9c69-188866f4c163', 200, 'b322535f-ba58-43cb-bd45-b7e4dd0b2a8d', NULL, '2026-07-12T16:23:27.592055+00');
INSERT INTO simulation_configs (id, project_id, sample_size, hypothesis_id, matrix_id, created_at) VALUES ('8fbaf2a9-82ba-4331-aa32-9503632ed970', 'c5345651-eaf7-42d6-a4fa-b9c3981f89ae', 200, 'e7d650e3-70e6-4e7e-9cf2-9c5b09ebcfc8', NULL, '2026-07-14T11:40:16.393403+00');

-- datasets
DELETE FROM datasets;
INSERT INTO datasets (id, simulation_config_id, project_id, sample_size, columns, data, created_at) VALUES ('af7f51d2-3a43-4a85-8e1e-18793cf36002', '9a9640e3-6afd-42f0-aa79-9f191772ccbc', '79910741-745f-4e83-b02f-a69096f3a6ce', 200, '["工作满意度", "职业发展"]', '[{"工作满意度": 4, "职业发展": 3}, {"工作满意度": 3, "职业发展": 3}, {"工作满意度": 5, "职业发展": 4}, {"工作满意度": 3, "职业发展": 3}, {"工作满意度": 4, "职业发展": 3}, {"工作满意度": 2, "职业发展": 3}, {"工作满意度": 3, "职业发展": 4}, {"工作满意度": 3, "职业发展": 3}, {"工作满意度": 3, "职业发展": 3}, {"工作满意度": 3, "职业发展": 3}, {"工作满意度": 4, "职业发展": 3}, {"工作满意度": 3, "职业发展": 3}, {"工作满意度": 4, "职业发展": 4}, {"工作满意度": 3, "职业发展": 3}, {"工作满意度": 3, "职业发展": 3}, {"工作满意度": 2, "职业发展": 2}, {"工作满意度": 4, "职业发展": 3}, {"工作满意度": 3, "职业发展": 3}, {"工作满意度": 4, "职业发展": 3}, {"工作满意度": 4, "职业发展": 4}, {"工作满意度": 3, "职业发展": 3}, {"工作满意度": 4, "职业发展": 4}, {"工作满意度": 3, "职业发展": 3}, {"工作满意度": 3, "职业发展": 3}, {"工作满意度": 3, "职业发展": 3}, {"工作满意度": 3, "职业发展": 3}, {"工作满意度": 4, "职业发展": 4}, {"工作满意度": 4, "职业发展": 3}, {"工作满意度": 3, "职业发展": 4}, {"工作满意度": 3, "职业发展": 4}, {"工作满意度": 4, "职业发展": 4}, {"工作满意度": 3, "职业发展": 4}, {"工作满意度": 3, "职业发展": 3}, {"工作满意度": 4, "职业发展": 3}, {"工作满意度": 3, "职业发展": 3}, {"工作满意度": 5, "职业发展": 4}, {"工作满意度": 4, "职业发展": 4}, {"工作满意度": 3, "职业发展": 4}, {"工作满意度": 4, "职业发展": 4}, {"工作满意度": 3, "职业发展": 3}, {"工作满意度": 3, "职业发展": 3}, {"工作满意度": 4, "职业发展": 3}, {"工作满意度": 4, "职业发展": 4}, {"工作满意度": 4, "职业发展": 4}, {"工作满意度": 3, "职业发展": 3}, {"工作满意度": 3, "职业发展": 3}, {"工作满意度": 4, "职业发展": 4}, {"工作满意度": 5, "职业发展": 4}, {"工作满意度": 5, "职业发展": 4}, {"工作满意度": 3, "职业发展": 3}, {"工作满意度": 3, "职业发展": 4}, {"工作满意度": 3, "职业发展": 4}, {"工作满意度": 4, "职业发展": 4}, {"工作满意度": 4, "职业发展": 4}, {"工作满意度": 3, "职业发展": 2}, {"工作满意度": 3, "职业发展": 3}, {"工作满意度": 4, "职业发展": 3}, {"工作满意度": 3, "职业发展": 3}, {"工作满意度": 3, "职业发展": 3}, {"工作满意度": 2, "职业发展": 2}, {"工作满意度": 4, "职业发展": 4}, {"工作满意度": 3, "职业发展": 4}, {"工作满意度": 3, "职业发展": 3}, {"工作满意度": 3, "职业发展": 2}, {"工作满意度": 4, "职业发展": 3}, {"工作满意度": 4, "职业发展": 3}, {"工作满意度": 3, "职业发展": 3}, {"工作满意度": 5, "职业发展": 4}, {"工作满意度": 3, "职业发展": 4}, {"工作满意度": 1, "职业发展": 3}, {"工作满意度": 3, "职业发展": 3}, {"工作满意度": 5, "职业发展": 5}, {"工作满意度": 4, "职业发展": 4}, {"工作满意度": 4, "职业发展": 4}, {"工作满意度": 3, "职业发展": 3}, {"工作满意度": 4, "职业发展": 3}, {"工作满意度": 5, "职业发展": 4}, {"工作满意度": 3, "职业发展": 4}, {"工作满意度": 3, "职业发展": 4}, {"工作满意度": 4, "职业发展": 3}, {"工作满意度": 4, "职业发展": 4}, {"工作满意度": 2, "职业发展": 2}, {"工作满意度": 3, "职业发展": 2}, {"工作满意度": 3, "职业发展": 3}, {"工作满意度": 3, "职业发展": 3}, {"工作满意度": 4, "职业发展": 4}, {"工作满意度": 4, "职业发展": 3}, {"工作满意度": 4, "职业发展": 4}, {"工作满意度": 2, "职业发展": 2}, {"工作满意度": 3, "职业发展": 4}, {"工作满意度": 2, "职业发展": 3}, {"工作满意度": 3, "职业发展": 4}, {"工作满意度": 2, "职业发展": 4}, {"工作满意度": 4, "职业发展": 3}, {"工作满意度": 4, "职业发展": 5}, {"工作满意度": 2, "职业发展": 2}, {"工作满意度": 3, "职业发展": 4}, {"工作满意度": 4, "职业发展": 4}, {"工作满意度": 3, "职业发展": 3}, {"工作满意度": 3, "职业发展": 3}, {"工作满意度": 3, "职业发展": 4}, {"工作满意度": 3, "职业发展": 4}, {"工作满意度": 5, "职业发展": 5}, {"工作满意度": 4, "职业发展": 3}, {"工作满意度": 4, "职业发展": 4}, {"工作满意度": 3, "职业发展": 2}, {"工作满意度": 3, "职业发展": 3}, {"工作满意度": 3, "职业发展": 4}, {"工作满意度": 2, "职业发展": 4}, {"工作满意度": 4, "职业发展": 3}, {"工作满意度": 3, "职业发展": 4}, {"工作满意度": 4, "职业发展": 3}, {"工作满意度": 3, "职业发展": 3}, {"工作满意度": 1, "职业发展": 2}, {"工作满意度": 4, "职业发展": 4}, {"工作满意度": 4, "职业发展": 4}, {"工作满意度": 3, "职业发展": 4}, {"工作满意度": 4, "职业发展": 4}, {"工作满意度": 5, "职业发展": 5}, {"工作满意度": 4, "职业发展": 4}, {"工作满意度": 4, "职业发展": 4}, {"工作满意度": 5, "职业发展": 4}, {"工作满意度": 3, "职业发展": 1}, {"工作满意度": 3, "职业发展": 5}, {"工作满意度": 2, "职业发展": 1}, {"工作满意度": 3, "职业发展": 4}, {"工作满意度": 3, "职业发展": 2}, {"工作满意度": 3, "职业发展": 4}, {"工作满意度": 3, "职业发展": 3}, {"工作满意度": 4, "职业发展": 3}, {"工作满意度": 4, "职业发展": 3}, {"工作满意度": 3, "职业发展": 3}, {"工作满意度": 3, "职业发展": 3}, {"工作满意度": 3, "职业发展": 3}, {"工作满意度": 3, "职业发展": 3}, {"工作满意度": 4, "职业发展": 4}, {"工作满意度": 3, "职业发展": 4}, {"工作满意度": 2, "职业发展": 2}, {"工作满意度": 4, "职业发展": 3}, {"工作满意度": 2, "职业发展": 3}, {"工作满意度": 4, "职业发展": 2}, {"工作满意度": 3, "职业发展": 3}, {"工作满意度": 4, "职业发展": 4}, {"工作满意度": 3, "职业发展": 3}, {"工作满意度": 4, "职业发展": 4}, {"工作满意度": 3, "职业发展": 4}, {"工作满意度": 3, "职业发展": 1}, {"工作满意度": 3, "职业发展": 4}, {"工作满意度": 3, "职业发展": 3}, {"工作满意度": 4, "职业发展": 5}, {"工作满意度": 3, "职业发展": 2}, {"工作满意度": 3, "职业发展": 3}, {"工作满意度": 4, "职业发展": 3}, {"工作满意度": 3, "职业发展": 4}, {"工作满意度": 2, "职业发展": 4}, {"工作满意度": 2, "职业发展": 3}, {"工作满意度": 2, "职业发展": 2}, {"工作满意度": 3, "职业发展": 3}, {"工作满意度": 4, "职业发展": 3}, {"工作满意度": 3, "职业发展": 2}, {"工作满意度": 3, "职业发展": 3}, {"工作满意度": 2, "职业发展": 3}, {"工作满意度": 2, "职业发展": 2}, {"工作满意度": 4, "职业发展": 4}, {"工作满意度": 4, "职业发展": 4}, {"工作满意度": 2, "职业发展": 3}, {"工作满意度": 4, "职业发展": 3}, {"工作满意度": 4, "职业发展": 3}, {"工作满意度": 4, "职业发展": 4}, {"工作满意度": 2, "职业发展": 3}, {"工作满意度": 5, "职业发展": 5}, {"工作满意度": 3, "职业发展": 3}, {"工作满意度": 3, "职业发展": 1}, {"工作满意度": 3, "职业发展": 4}, {"工作满意度": 4, "职业发展": 5}, {"工作满意度": 3, "职业发展": 3}, {"工作满意度": 3, "职业发展": 4}, {"工作满意度": 3, "职业发展": 3}, {"工作满意度": 3, "职业发展": 3}, {"工作满意度": 4, "职业发展": 4}, {"工作满意度": 3, "职业发展": 4}, {"工作满意度": 3, "职业发展": 2}, {"工作满意度": 3, "职业发展": 4}, {"工作满意度": 4, "职业发展": 4}, {"工作满意度": 3, "职业发展": 4}, {"工作满意度": 3, "职业发展": 4}, {"工作满意度": 2, "职业发展": 3}, {"工作满意度": 2, "职业发展": 4}, {"工作满意度": 4, "职业发展": 3}, {"工作满意度": 3, "职业发展": 2}, {"工作满意度": 3, "职业发展": 4}, {"工作满意度": 5, "职业发展": 4}, {"工作满意度": 5, "职业发展": 4}, {"工作满意度": 3, "职业发展": 3}, {"工作满意度": 4, "职业发展": 3}, {"工作满意度": 5, "职业发展": 5}, {"工作满意度": 3, "职业发展": 4}, {"工作满意度": 3, "职业发展": 3}, {"工作满意度": 3, "职业发展": 3}, {"工作满意度": 3, "职业发展": 3}]', '2026-07-09T14:51:24.192793+00');
INSERT INTO datasets (id, simulation_config_id, project_id, sample_size, columns, data, created_at) VALUES ('e6820ff2-a051-447b-9677-dff10104578a', '8303a976-46b3-400f-b93f-eb54e7184b93', '97ce7ee4-6752-4e4b-bfed-25643e3874dc', 200, '["工作满意度", "职业发展"]', '[{"工作满意度": 4, "职业发展": 3}, {"工作满意度": 3, "职业发展": 3}, {"工作满意度": 5, "职业发展": 4}, {"工作满意度": 3, "职业发展": 3}, {"工作满意度": 4, "职业发展": 3}, {"工作满意度": 2, "职业发展": 3}, {"工作满意度": 3, "职业发展": 4}, {"工作满意度": 3, "职业发展": 3}, {"工作满意度": 3, "职业发展": 3}, {"工作满意度": 3, "职业发展": 3}, {"工作满意度": 4, "职业发展": 3}, {"工作满意度": 3, "职业发展": 3}, {"工作满意度": 4, "职业发展": 4}, {"工作满意度": 3, "职业发展": 3}, {"工作满意度": 3, "职业发展": 3}, {"工作满意度": 2, "职业发展": 2}, {"工作满意度": 4, "职业发展": 3}, {"工作满意度": 3, "职业发展": 3}, {"工作满意度": 4, "职业发展": 3}, {"工作满意度": 4, "职业发展": 4}, {"工作满意度": 3, "职业发展": 3}, {"工作满意度": 4, "职业发展": 4}, {"工作满意度": 3, "职业发展": 3}, {"工作满意度": 3, "职业发展": 3}, {"工作满意度": 3, "职业发展": 3}, {"工作满意度": 3, "职业发展": 3}, {"工作满意度": 4, "职业发展": 4}, {"工作满意度": 4, "职业发展": 3}, {"工作满意度": 3, "职业发展": 4}, {"工作满意度": 3, "职业发展": 4}, {"工作满意度": 4, "职业发展": 4}, {"工作满意度": 3, "职业发展": 4}, {"工作满意度": 3, "职业发展": 3}, {"工作满意度": 4, "职业发展": 3}, {"工作满意度": 3, "职业发展": 3}, {"工作满意度": 5, "职业发展": 4}, {"工作满意度": 4, "职业发展": 4}, {"工作满意度": 3, "职业发展": 4}, {"工作满意度": 4, "职业发展": 4}, {"工作满意度": 3, "职业发展": 3}, {"工作满意度": 3, "职业发展": 3}, {"工作满意度": 4, "职业发展": 3}, {"工作满意度": 4, "职业发展": 4}, {"工作满意度": 4, "职业发展": 4}, {"工作满意度": 3, "职业发展": 3}, {"工作满意度": 3, "职业发展": 3}, {"工作满意度": 4, "职业发展": 4}, {"工作满意度": 5, "职业发展": 4}, {"工作满意度": 5, "职业发展": 4}, {"工作满意度": 3, "职业发展": 3}, {"工作满意度": 3, "职业发展": 4}, {"工作满意度": 3, "职业发展": 4}, {"工作满意度": 4, "职业发展": 4}, {"工作满意度": 4, "职业发展": 4}, {"工作满意度": 3, "职业发展": 2}, {"工作满意度": 3, "职业发展": 3}, {"工作满意度": 4, "职业发展": 3}, {"工作满意度": 3, "职业发展": 3}, {"工作满意度": 3, "职业发展": 3}, {"工作满意度": 2, "职业发展": 2}, {"工作满意度": 4, "职业发展": 4}, {"工作满意度": 3, "职业发展": 4}, {"工作满意度": 3, "职业发展": 3}, {"工作满意度": 3, "职业发展": 2}, {"工作满意度": 4, "职业发展": 3}, {"工作满意度": 4, "职业发展": 3}, {"工作满意度": 3, "职业发展": 3}, {"工作满意度": 5, "职业发展": 4}, {"工作满意度": 3, "职业发展": 4}, {"工作满意度": 1, "职业发展": 3}, {"工作满意度": 3, "职业发展": 3}, {"工作满意度": 5, "职业发展": 5}, {"工作满意度": 4, "职业发展": 4}, {"工作满意度": 4, "职业发展": 4}, {"工作满意度": 3, "职业发展": 3}, {"工作满意度": 4, "职业发展": 3}, {"工作满意度": 5, "职业发展": 4}, {"工作满意度": 3, "职业发展": 4}, {"工作满意度": 3, "职业发展": 4}, {"工作满意度": 4, "职业发展": 3}, {"工作满意度": 4, "职业发展": 4}, {"工作满意度": 2, "职业发展": 2}, {"工作满意度": 3, "职业发展": 2}, {"工作满意度": 3, "职业发展": 3}, {"工作满意度": 3, "职业发展": 3}, {"工作满意度": 4, "职业发展": 4}, {"工作满意度": 4, "职业发展": 3}, {"工作满意度": 4, "职业发展": 4}, {"工作满意度": 2, "职业发展": 2}, {"工作满意度": 3, "职业发展": 4}, {"工作满意度": 2, "职业发展": 3}, {"工作满意度": 3, "职业发展": 4}, {"工作满意度": 2, "职业发展": 4}, {"工作满意度": 4, "职业发展": 3}, {"工作满意度": 4, "职业发展": 5}, {"工作满意度": 2, "职业发展": 2}, {"工作满意度": 3, "职业发展": 4}, {"工作满意度": 4, "职业发展": 4}, {"工作满意度": 3, "职业发展": 3}, {"工作满意度": 3, "职业发展": 3}, {"工作满意度": 3, "职业发展": 4}, {"工作满意度": 3, "职业发展": 4}, {"工作满意度": 5, "职业发展": 5}, {"工作满意度": 4, "职业发展": 3}, {"工作满意度": 4, "职业发展": 4}, {"工作满意度": 3, "职业发展": 2}, {"工作满意度": 3, "职业发展": 3}, {"工作满意度": 3, "职业发展": 4}, {"工作满意度": 2, "职业发展": 4}, {"工作满意度": 4, "职业发展": 3}, {"工作满意度": 3, "职业发展": 4}, {"工作满意度": 4, "职业发展": 3}, {"工作满意度": 3, "职业发展": 3}, {"工作满意度": 1, "职业发展": 2}, {"工作满意度": 4, "职业发展": 4}, {"工作满意度": 4, "职业发展": 4}, {"工作满意度": 3, "职业发展": 4}, {"工作满意度": 4, "职业发展": 4}, {"工作满意度": 5, "职业发展": 5}, {"工作满意度": 4, "职业发展": 4}, {"工作满意度": 4, "职业发展": 4}, {"工作满意度": 5, "职业发展": 4}, {"工作满意度": 3, "职业发展": 1}, {"工作满意度": 3, "职业发展": 5}, {"工作满意度": 2, "职业发展": 1}, {"工作满意度": 3, "职业发展": 4}, {"工作满意度": 3, "职业发展": 2}, {"工作满意度": 3, "职业发展": 4}, {"工作满意度": 3, "职业发展": 3}, {"工作满意度": 4, "职业发展": 3}, {"工作满意度": 4, "职业发展": 3}, {"工作满意度": 3, "职业发展": 3}, {"工作满意度": 3, "职业发展": 3}, {"工作满意度": 3, "职业发展": 3}, {"工作满意度": 3, "职业发展": 3}, {"工作满意度": 4, "职业发展": 4}, {"工作满意度": 3, "职业发展": 4}, {"工作满意度": 2, "职业发展": 2}, {"工作满意度": 4, "职业发展": 3}, {"工作满意度": 2, "职业发展": 3}, {"工作满意度": 4, "职业发展": 2}, {"工作满意度": 3, "职业发展": 3}, {"工作满意度": 4, "职业发展": 4}, {"工作满意度": 3, "职业发展": 3}, {"工作满意度": 4, "职业发展": 4}, {"工作满意度": 3, "职业发展": 4}, {"工作满意度": 3, "职业发展": 1}, {"工作满意度": 3, "职业发展": 4}, {"工作满意度": 3, "职业发展": 3}, {"工作满意度": 4, "职业发展": 5}, {"工作满意度": 3, "职业发展": 2}, {"工作满意度": 3, "职业发展": 3}, {"工作满意度": 4, "职业发展": 3}, {"工作满意度": 3, "职业发展": 4}, {"工作满意度": 2, "职业发展": 4}, {"工作满意度": 2, "职业发展": 3}, {"工作满意度": 2, "职业发展": 2}, {"工作满意度": 3, "职业发展": 3}, {"工作满意度": 4, "职业发展": 3}, {"工作满意度": 3, "职业发展": 2}, {"工作满意度": 3, "职业发展": 3}, {"工作满意度": 2, "职业发展": 3}, {"工作满意度": 2, "职业发展": 2}, {"工作满意度": 4, "职业发展": 4}, {"工作满意度": 4, "职业发展": 4}, {"工作满意度": 2, "职业发展": 3}, {"工作满意度": 4, "职业发展": 3}, {"工作满意度": 4, "职业发展": 3}, {"工作满意度": 4, "职业发展": 4}, {"工作满意度": 2, "职业发展": 3}, {"工作满意度": 5, "职业发展": 5}, {"工作满意度": 3, "职业发展": 3}, {"工作满意度": 3, "职业发展": 1}, {"工作满意度": 3, "职业发展": 4}, {"工作满意度": 4, "职业发展": 5}, {"工作满意度": 3, "职业发展": 3}, {"工作满意度": 3, "职业发展": 4}, {"工作满意度": 3, "职业发展": 3}, {"工作满意度": 3, "职业发展": 3}, {"工作满意度": 4, "职业发展": 4}, {"工作满意度": 3, "职业发展": 4}, {"工作满意度": 3, "职业发展": 2}, {"工作满意度": 3, "职业发展": 4}, {"工作满意度": 4, "职业发展": 4}, {"工作满意度": 3, "职业发展": 4}, {"工作满意度": 3, "职业发展": 4}, {"工作满意度": 2, "职业发展": 3}, {"工作满意度": 2, "职业发展": 4}, {"工作满意度": 4, "职业发展": 3}, {"工作满意度": 3, "职业发展": 2}, {"工作满意度": 3, "职业发展": 4}, {"工作满意度": 5, "职业发展": 4}, {"工作满意度": 5, "职业发展": 4}, {"工作满意度": 3, "职业发展": 3}, {"工作满意度": 4, "职业发展": 3}, {"工作满意度": 5, "职业发展": 5}, {"工作满意度": 3, "职业发展": 4}, {"工作满意度": 3, "职业发展": 3}, {"工作满意度": 3, "职业发展": 3}, {"工作满意度": 3, "职业发展": 3}]', '2026-07-09T14:52:33.087706+00');
INSERT INTO datasets (id, simulation_config_id, project_id, sample_size, columns, data, created_at) VALUES ('4aa8c23c-24c1-4032-ac1b-39d770e8796f', 'ac198cd9-0c94-4b0d-af95-7f82d40646aa', '938cb4d6-956e-42bf-b846-eaf76f448e41', 200, '["工作满意度", "职业发展"]', '[{"工作满意度": 4, "职业发展": 3}, {"工作满意度": 3, "职业发展": 3}, {"工作满意度": 5, "职业发展": 4}, {"工作满意度": 3, "职业发展": 3}, {"工作满意度": 4, "职业发展": 3}, {"工作满意度": 2, "职业发展": 3}, {"工作满意度": 3, "职业发展": 4}, {"工作满意度": 3, "职业发展": 3}, {"工作满意度": 3, "职业发展": 3}, {"工作满意度": 3, "职业发展": 3}, {"工作满意度": 4, "职业发展": 3}, {"工作满意度": 3, "职业发展": 3}, {"工作满意度": 4, "职业发展": 4}, {"工作满意度": 3, "职业发展": 3}, {"工作满意度": 3, "职业发展": 3}, {"工作满意度": 2, "职业发展": 2}, {"工作满意度": 4, "职业发展": 3}, {"工作满意度": 3, "职业发展": 3}, {"工作满意度": 4, "职业发展": 3}, {"工作满意度": 4, "职业发展": 4}, {"工作满意度": 3, "职业发展": 3}, {"工作满意度": 4, "职业发展": 4}, {"工作满意度": 3, "职业发展": 3}, {"工作满意度": 3, "职业发展": 3}, {"工作满意度": 3, "职业发展": 3}, {"工作满意度": 3, "职业发展": 3}, {"工作满意度": 4, "职业发展": 4}, {"工作满意度": 4, "职业发展": 3}, {"工作满意度": 3, "职业发展": 4}, {"工作满意度": 3, "职业发展": 4}, {"工作满意度": 4, "职业发展": 4}, {"工作满意度": 3, "职业发展": 4}, {"工作满意度": 3, "职业发展": 3}, {"工作满意度": 4, "职业发展": 3}, {"工作满意度": 3, "职业发展": 3}, {"工作满意度": 5, "职业发展": 4}, {"工作满意度": 4, "职业发展": 4}, {"工作满意度": 3, "职业发展": 4}, {"工作满意度": 4, "职业发展": 4}, {"工作满意度": 3, "职业发展": 3}, {"工作满意度": 3, "职业发展": 3}, {"工作满意度": 4, "职业发展": 3}, {"工作满意度": 4, "职业发展": 4}, {"工作满意度": 4, "职业发展": 4}, {"工作满意度": 3, "职业发展": 3}, {"工作满意度": 3, "职业发展": 3}, {"工作满意度": 4, "职业发展": 4}, {"工作满意度": 5, "职业发展": 4}, {"工作满意度": 5, "职业发展": 4}, {"工作满意度": 3, "职业发展": 3}, {"工作满意度": 3, "职业发展": 4}, {"工作满意度": 3, "职业发展": 4}, {"工作满意度": 4, "职业发展": 4}, {"工作满意度": 4, "职业发展": 4}, {"工作满意度": 3, "职业发展": 2}, {"工作满意度": 3, "职业发展": 3}, {"工作满意度": 4, "职业发展": 3}, {"工作满意度": 3, "职业发展": 3}, {"工作满意度": 3, "职业发展": 3}, {"工作满意度": 2, "职业发展": 2}, {"工作满意度": 4, "职业发展": 4}, {"工作满意度": 3, "职业发展": 4}, {"工作满意度": 3, "职业发展": 3}, {"工作满意度": 3, "职业发展": 2}, {"工作满意度": 4, "职业发展": 3}, {"工作满意度": 4, "职业发展": 3}, {"工作满意度": 3, "职业发展": 3}, {"工作满意度": 5, "职业发展": 4}, {"工作满意度": 3, "职业发展": 4}, {"工作满意度": 1, "职业发展": 3}, {"工作满意度": 3, "职业发展": 3}, {"工作满意度": 5, "职业发展": 5}, {"工作满意度": 4, "职业发展": 4}, {"工作满意度": 4, "职业发展": 4}, {"工作满意度": 3, "职业发展": 3}, {"工作满意度": 4, "职业发展": 3}, {"工作满意度": 5, "职业发展": 4}, {"工作满意度": 3, "职业发展": 4}, {"工作满意度": 3, "职业发展": 4}, {"工作满意度": 4, "职业发展": 3}, {"工作满意度": 4, "职业发展": 4}, {"工作满意度": 2, "职业发展": 2}, {"工作满意度": 3, "职业发展": 2}, {"工作满意度": 3, "职业发展": 3}, {"工作满意度": 3, "职业发展": 3}, {"工作满意度": 4, "职业发展": 4}, {"工作满意度": 4, "职业发展": 3}, {"工作满意度": 4, "职业发展": 4}, {"工作满意度": 2, "职业发展": 2}, {"工作满意度": 3, "职业发展": 4}, {"工作满意度": 2, "职业发展": 3}, {"工作满意度": 3, "职业发展": 4}, {"工作满意度": 2, "职业发展": 4}, {"工作满意度": 4, "职业发展": 3}, {"工作满意度": 4, "职业发展": 5}, {"工作满意度": 2, "职业发展": 2}, {"工作满意度": 3, "职业发展": 4}, {"工作满意度": 4, "职业发展": 4}, {"工作满意度": 3, "职业发展": 3}, {"工作满意度": 3, "职业发展": 3}, {"工作满意度": 3, "职业发展": 4}, {"工作满意度": 3, "职业发展": 4}, {"工作满意度": 5, "职业发展": 5}, {"工作满意度": 4, "职业发展": 3}, {"工作满意度": 4, "职业发展": 4}, {"工作满意度": 3, "职业发展": 2}, {"工作满意度": 3, "职业发展": 3}, {"工作满意度": 3, "职业发展": 4}, {"工作满意度": 2, "职业发展": 4}, {"工作满意度": 4, "职业发展": 3}, {"工作满意度": 3, "职业发展": 4}, {"工作满意度": 4, "职业发展": 3}, {"工作满意度": 3, "职业发展": 3}, {"工作满意度": 1, "职业发展": 2}, {"工作满意度": 4, "职业发展": 4}, {"工作满意度": 4, "职业发展": 4}, {"工作满意度": 3, "职业发展": 4}, {"工作满意度": 4, "职业发展": 4}, {"工作满意度": 5, "职业发展": 5}, {"工作满意度": 4, "职业发展": 4}, {"工作满意度": 4, "职业发展": 4}, {"工作满意度": 5, "职业发展": 4}, {"工作满意度": 3, "职业发展": 1}, {"工作满意度": 3, "职业发展": 5}, {"工作满意度": 2, "职业发展": 1}, {"工作满意度": 3, "职业发展": 4}, {"工作满意度": 3, "职业发展": 2}, {"工作满意度": 3, "职业发展": 4}, {"工作满意度": 3, "职业发展": 3}, {"工作满意度": 4, "职业发展": 3}, {"工作满意度": 4, "职业发展": 3}, {"工作满意度": 3, "职业发展": 3}, {"工作满意度": 3, "职业发展": 3}, {"工作满意度": 3, "职业发展": 3}, {"工作满意度": 3, "职业发展": 3}, {"工作满意度": 4, "职业发展": 4}, {"工作满意度": 3, "职业发展": 4}, {"工作满意度": 2, "职业发展": 2}, {"工作满意度": 4, "职业发展": 3}, {"工作满意度": 2, "职业发展": 3}, {"工作满意度": 4, "职业发展": 2}, {"工作满意度": 3, "职业发展": 3}, {"工作满意度": 4, "职业发展": 4}, {"工作满意度": 3, "职业发展": 3}, {"工作满意度": 4, "职业发展": 4}, {"工作满意度": 3, "职业发展": 4}, {"工作满意度": 3, "职业发展": 1}, {"工作满意度": 3, "职业发展": 4}, {"工作满意度": 3, "职业发展": 3}, {"工作满意度": 4, "职业发展": 5}, {"工作满意度": 3, "职业发展": 2}, {"工作满意度": 3, "职业发展": 3}, {"工作满意度": 4, "职业发展": 3}, {"工作满意度": 3, "职业发展": 4}, {"工作满意度": 2, "职业发展": 4}, {"工作满意度": 2, "职业发展": 3}, {"工作满意度": 2, "职业发展": 2}, {"工作满意度": 3, "职业发展": 3}, {"工作满意度": 4, "职业发展": 3}, {"工作满意度": 3, "职业发展": 2}, {"工作满意度": 3, "职业发展": 3}, {"工作满意度": 2, "职业发展": 3}, {"工作满意度": 2, "职业发展": 2}, {"工作满意度": 4, "职业发展": 4}, {"工作满意度": 4, "职业发展": 4}, {"工作满意度": 2, "职业发展": 3}, {"工作满意度": 4, "职业发展": 3}, {"工作满意度": 4, "职业发展": 3}, {"工作满意度": 4, "职业发展": 4}, {"工作满意度": 2, "职业发展": 3}, {"工作满意度": 5, "职业发展": 5}, {"工作满意度": 3, "职业发展": 3}, {"工作满意度": 3, "职业发展": 1}, {"工作满意度": 3, "职业发展": 4}, {"工作满意度": 4, "职业发展": 5}, {"工作满意度": 3, "职业发展": 3}, {"工作满意度": 3, "职业发展": 4}, {"工作满意度": 3, "职业发展": 3}, {"工作满意度": 3, "职业发展": 3}, {"工作满意度": 4, "职业发展": 4}, {"工作满意度": 3, "职业发展": 4}, {"工作满意度": 3, "职业发展": 2}, {"工作满意度": 3, "职业发展": 4}, {"工作满意度": 4, "职业发展": 4}, {"工作满意度": 3, "职业发展": 4}, {"工作满意度": 3, "职业发展": 4}, {"工作满意度": 2, "职业发展": 3}, {"工作满意度": 2, "职业发展": 4}, {"工作满意度": 4, "职业发展": 3}, {"工作满意度": 3, "职业发展": 2}, {"工作满意度": 3, "职业发展": 4}, {"工作满意度": 5, "职业发展": 4}, {"工作满意度": 5, "职业发展": 4}, {"工作满意度": 3, "职业发展": 3}, {"工作满意度": 4, "职业发展": 3}, {"工作满意度": 5, "职业发展": 5}, {"工作满意度": 3, "职业发展": 4}, {"工作满意度": 3, "职业发展": 3}, {"工作满意度": 3, "职业发展": 3}, {"工作满意度": 3, "职业发展": 3}]', '2026-07-09T14:53:24.803279+00');
INSERT INTO datasets (id, simulation_config_id, project_id, sample_size, columns, data, created_at) VALUES ('85de82b7-26cd-4d22-a110-9b587f09f68d', '90f3ff3b-3a63-4f10-bdf3-57302a2394fa', 'd38469ff-4401-4cc0-b770-a55f7b9da768', 200, '["工作满意度", "人际关系", "工作感受", "薪酬福利", "职业发展", "工作压力", "组织认同", "工作生活平衡"]', '[{"工作满意度": 3, "人际关系": 2, "工作感受": 4, "薪酬福利": 2, "职业发展": 3, "工作压力": 3, "组织认同": 3, "工作生活平衡": 2}, {"工作满意度": 3, "人际关系": 2, "工作感受": 3, "薪酬福利": 4, "职业发展": 3, "工作压力": 3, "组织认同": 3, "工作生活平衡": 2}, {"工作满意度": 3, "人际关系": 3, "工作感受": 3, "薪酬福利": 3, "职业发展": 2, "工作压力": 3, "组织认同": 4, "工作生活平衡": 2}, {"工作满意度": 3, "人际关系": 3, "工作感受": 3, "薪酬福利": 4, "职业发展": 3, "工作压力": 3, "组织认同": 4, "工作生活平衡": 3}, {"工作满意度": 4, "人际关系": 2, "工作感受": 3, "薪酬福利": 3, "职业发展": 3, "工作压力": 3, "组织认同": 2, "工作生活平衡": 3}, {"工作满意度": 3, "人际关系": 3, "工作感受": 3, "薪酬福利": 3, "职业发展": 3, "工作压力": 4, "组织认同": 3, "工作生活平衡": 4}, {"工作满意度": 2, "人际关系": 3, "工作感受": 4, "薪酬福利": 3, "职业发展": 3, "工作压力": 3, "组织认同": 2, "工作生活平衡": 3}, {"工作满意度": 3, "人际关系": 3, "工作感受": 4, "薪酬福利": 3, "职业发展": 4, "工作压力": 4, "组织认同": 3, "工作生活平衡": 4}, {"工作满意度": 2, "人际关系": 4, "工作感受": 2, "薪酬福利": 3, "职业发展": 3, "工作压力": 3, "组织认同": 2, "工作生活平衡": 4}, {"工作满意度": 3, "人际关系": 3, "工作感受": 3, "薪酬福利": 3, "职业发展": 4, "工作压力": 3, "组织认同": 3, "工作生活平衡": 4}, {"工作满意度": 3, "人际关系": 4, "工作感受": 4, "薪酬福利": 4, "职业发展": 3, "工作压力": 3, "组织认同": 2, "工作生活平衡": 3}, {"工作满意度": 2, "人际关系": 3, "工作感受": 3, "薪酬福利": 3, "职业发展": 3, "工作压力": 3, "组织认同": 2, "工作生活平衡": 4}, {"工作满意度": 4, "人际关系": 3, "工作感受": 3, "薪酬福利": 4, "职业发展": 3, "工作压力": 2, "组织认同": 3, "工作生活平衡": 2}, {"工作满意度": 4, "人际关系": 4, "工作感受": 2, "薪酬福利": 2, "职业发展": 4, "工作压力": 3, "组织认同": 3, "工作生活平衡": 3}, {"工作满意度": 3, "人际关系": 3, "工作感受": 3, "薪酬福利": 3, "职业发展": 3, "工作压力": 3, "组织认同": 4, "工作生活平衡": 2}, {"工作满意度": 3, "人际关系": 3, "工作感受": 2, "薪酬福利": 3, "职业发展": 4, "工作压力": 3, "组织认同": 4, "工作生活平衡": 3}, {"工作满意度": 3, "人际关系": 4, "工作感受": 2, "薪酬福利": 3, "职业发展": 3, "工作压力": 2, "组织认同": 2, "工作生活平衡": 2}, {"工作满意度": 3, "人际关系": 1, "工作感受": 3, "薪酬福利": 3, "职业发展": 3, "工作压力": 4, "组织认同": 1, "工作生活平衡": 4}, {"工作满意度": 3, "人际关系": 4, "工作感受": 2, "薪酬福利": 3, "职业发展": 4, "工作压力": 3, "组织认同": 3, "工作生活平衡": 3}, {"工作满意度": 4, "人际关系": 2, "工作感受": 3, "薪酬福利": 4, "职业发展": 5, "工作压力": 3, "组织认同": 2, "工作生活平衡": 3}, {"工作满意度": 4, "人际关系": 3, "工作感受": 2, "薪酬福利": 3, "职业发展": 2, "工作压力": 2, "组织认同": 3, "工作生活平衡": 3}, {"工作满意度": 3, "人际关系": 3, "工作感受": 3, "薪酬福利": 3, "职业发展": 3, "工作压力": 4, "组织认同": 2, "工作生活平衡": 3}, {"工作满意度": 2, "人际关系": 3, "工作感受": 2, "薪酬福利": 3, "职业发展": 2, "工作压力": 4, "组织认同": 3, "工作生活平衡": 3}, {"工作满意度": 3, "人际关系": 4, "工作感受": 4, "薪酬福利": 4, "职业发展": 2, "工作压力": 3, "组织认同": 4, "工作生活平衡": 4}, {"工作满意度": 3, "人际关系": 4, "工作感受": 2, "薪酬福利": 3, "职业发展": 3, "工作压力": 3, "组织认同": 3, "工作生活平衡": 4}, {"工作满意度": 2, "人际关系": 3, "工作感受": 4, "薪酬福利": 3, "职业发展": 3, "工作压力": 3, "组织认同": 2, "工作生活平衡": 4}, {"工作满意度": 4, "人际关系": 3, "工作感受": 3, "薪酬福利": 3, "职业发展": 2, "工作压力": 2, "组织认同": 3, "工作生活平衡": 3}, {"工作满意度": 2, "人际关系": 4, "工作感受": 3, "薪酬福利": 3, "职业发展": 3, "工作压力": 3, "组织认同": 3, "工作生活平衡": 4}, {"工作满意度": 3, "人际关系": 1, "工作感受": 4, "薪酬福利": 3, "职业发展": 3, "工作压力": 3, "组织认同": 2, "工作生活平衡": 3}, {"工作满意度": 3, "人际关系": 4, "工作感受": 5, "薪酬福利": 3, "职业发展": 3, "工作压力": 3, "组织认同": 2, "工作生活平衡": 4}, {"工作满意度": 4, "人际关系": 5, "工作感受": 1, "薪酬福利": 2, "职业发展": 3, "工作压力": 3, "组织认同": 2, "工作生活平衡": 3}, {"工作满意度": 1, "人际关系": 3, "工作感受": 2, "薪酬福利": 3, "职业发展": 2, "工作压力": 5, "组织认同": 3, "工作生活平衡": 2}, {"工作满意度": 3, "人际关系": 4, "工作感受": 3, "薪酬福利": 3, "职业发展": 2, "工作压力": 3, "组织认同": 3, "工作生活平衡": 3}, {"工作满意度": 3, "人际关系": 3, "工作感受": 3, "薪酬福利": 3, "职业发展": 3, "工作压力": 4, "组织认同": 2, "工作生活平衡": 4}, {"工作满意度": 3, "人际关系": 2, "工作感受": 3, "薪酬福利": 3, "职业发展": 2, "工作压力": 3, "组织认同": 4, "工作生活平衡": 5}, {"工作满意度": 3, "人际关系": 3, "工作感受": 4, "薪酬福利": 3, "职业发展": 2, "工作压力": 3, "组织认同": 3, "工作生活平衡": 2}, {"工作满意度": 3, "人际关系": 3, "工作感受": 2, "薪酬福利": 2, "职业发展": 3, "工作压力": 3, "组织认同": 3, "工作生活平衡": 3}, {"工作满意度": 3, "人际关系": 4, "工作感受": 2, "薪酬福利": 2, "职业发展": 4, "工作压力": 4, "组织认同": 3, "工作生活平衡": 3}, {"工作满意度": 3, "人际关系": 3, "工作感受": 2, "薪酬福利": 4, "职业发展": 3, "工作压力": 4, "组织认同": 4, "工作生活平衡": 2}, {"工作满意度": 1, "人际关系": 3, "工作感受": 3, "薪酬福利": 3, "职业发展": 2, "工作压力": 3, "组织认同": 3, "工作生活平衡": 4}, {"工作满意度": 2, "人际关系": 2, "工作感受": 1, "薪酬福利": 4, "职业发展": 2, "工作压力": 3, "组织认同": 2, "工作生活平衡": 3}, {"工作满意度": 3, "人际关系": 2, "工作感受": 3, "薪酬福利": 3, "职业发展": 3, "工作压力": 2, "组织认同": 3, "工作生活平衡": 3}, {"工作满意度": 4, "人际关系": 2, "工作感受": 5, "薪酬福利": 3, "职业发展": 3, "工作压力": 3, "组织认同": 3, "工作生活平衡": 3}, {"工作满意度": 2, "人际关系": 3, "工作感受": 4, "薪酬福利": 4, "职业发展": 2, "工作压力": 5, "组织认同": 3, "工作生活平衡": 2}, {"工作满意度": 3, "人际关系": 3, "工作感受": 3, "薪酬福利": 3, "职业发展": 3, "工作压力": 3, "组织认同": 2, "工作生活平衡": 4}, {"工作满意度": 3, "人际关系": 3, "工作感受": 3, "薪酬福利": 4, "职业发展": 2, "工作压力": 2, "组织认同": 2, "工作生活平衡": 3}, {"工作满意度": 4, "人际关系": 3, "工作感受": 2, "薪酬福利": 4, "职业发展": 3, "工作压力": 4, "组织认同": 3, "工作生活平衡": 4}, {"工作满意度": 3, "人际关系": 3, "工作感受": 3, "薪酬福利": 4, "职业发展": 3, "工作压力": 2, "组织认同": 2, "工作生活平衡": 2}, {"工作满意度": 4, "人际关系": 3, "工作感受": 3, "薪酬福利": 2, "职业发展": 4, "工作压力": 2, "组织认同": 1, "工作生活平衡": 3}, {"工作满意度": 3, "人际关系": 3, "工作感受": 2, "薪酬福利": 3, "职业发展": 3, "工作压力": 3, "组织认同": 3, "工作生活平衡": 4}, {"工作满意度": 3, "人际关系": 3, "工作感受": 2, "薪酬福利": 3, "职业发展": 2, "工作压力": 3, "组织认同": 3, "工作生活平衡": 3}, {"工作满意度": 4, "人际关系": 5, "工作感受": 3, "薪酬福利": 4, "职业发展": 3, "工作压力": 2, "组织认同": 3, "工作生活平衡": 2}, {"工作满意度": 2, "人际关系": 3, "工作感受": 3, "薪酬福利": 3, "职业发展": 3, "工作压力": 4, "组织认同": 2, "工作生活平衡": 4}, {"工作满意度": 4, "人际关系": 2, "工作感受": 4, "薪酬福利": 4, "职业发展": 4, "工作压力": 3, "组织认同": 2, "工作生活平衡": 3}, {"工作满意度": 3, "人际关系": 3, "工作感受": 3, "薪酬福利": 3, "职业发展": 2, "工作压力": 3, "组织认同": 2, "工作生活平衡": 2}, {"工作满意度": 3, "人际关系": 2, "工作感受": 3, "薪酬福利": 2, "职业发展": 3, "工作压力": 3, "组织认同": 4, "工作生活平衡": 3}, {"工作满意度": 2, "人际关系": 3, "工作感受": 1, "薪酬福利": 5, "职业发展": 2, "工作压力": 4, "组织认同": 3, "工作生活平衡": 3}, {"工作满意度": 2, "人际关系": 3, "工作感受": 3, "薪酬福利": 3, "职业发展": 3, "工作压力": 3, "组织认同": 2, "工作生活平衡": 3}, {"工作满意度": 4, "人际关系": 2, "工作感受": 2, "薪酬福利": 3, "职业发展": 4, "工作压力": 3, "组织认同": 3, "工作生活平衡": 3}, {"工作满意度": 4, "人际关系": 3, "工作感受": 2, "薪酬福利": 3, "职业发展": 2, "工作压力": 3, "组织认同": 3, "工作生活平衡": 3}, {"工作满意度": 3, "人际关系": 3, "工作感受": 3, "薪酬福利": 3, "职业发展": 3, "工作压力": 4, "组织认同": 2, "工作生活平衡": 4}, {"工作满意度": 4, "人际关系": 3, "工作感受": 3, "薪酬福利": 4, "职业发展": 3, "工作压力": 3, "组织认同": 3, "工作生活平衡": 4}, {"工作满意度": 4, "人际关系": 5, "工作感受": 2, "薪酬福利": 4, "职业发展": 4, "工作压力": 2, "组织认同": 2, "工作生活平衡": 3}, {"工作满意度": 5, "人际关系": 2, "工作感受": 3, "薪酬福利": 4, "职业发展": 4, "工作压力": 1, "组织认同": 2, "工作生活平衡": 3}, {"工作满意度": 3, "人际关系": 3, "工作感受": 2, "薪酬福利": 3, "职业发展": 2, "工作压力": 3, "组织认同": 3, "工作生活平衡": 3}, {"工作满意度": 4, "人际关系": 3, "工作感受": 2, "薪酬福利": 3, "职业发展": 3, "工作压力": 2, "组织认同": 4, "工作生活平衡": 2}, {"工作满意度": 3, "人际关系": 4, "工作感受": 3, "薪酬福利": 4, "职业发展": 2, "工作压力": 3, "组织认同": 2, "工作生活平衡": 4}, {"工作满意度": 3, "人际关系": 5, "工作感受": 4, "薪酬福利": 3, "职业发展": 4, "工作压力": 3, "组织认同": 3, "工作生活平衡": 4}, {"工作满意度": 3, "人际关系": 4, "工作感受": 2, "薪酬福利": 4, "职业发展": 2, "工作压力": 3, "组织认同": 3, "工作生活平衡": 3}, {"工作满意度": 2, "人际关系": 3, "工作感受": 3, "薪酬福利": 3, "职业发展": 3, "工作压力": 3, "组织认同": 2, "工作生活平衡": 5}, {"工作满意度": 3, "人际关系": 4, "工作感受": 2, "薪酬福利": 4, "职业发展": 3, "工作压力": 3, "组织认同": 3, "工作生活平衡": 3}, {"工作满意度": 2, "人际关系": 4, "工作感受": 3, "薪酬福利": 3, "职业发展": 4, "工作压力": 4, "组织认同": 3, "工作生活平衡": 3}, {"工作满意度": 2, "人际关系": 3, "工作感受": 5, "薪酬福利": 3, "职业发展": 3, "工作压力": 4, "组织认同": 3, "工作生活平衡": 4}, {"工作满意度": 3, "人际关系": 4, "工作感受": 3, "薪酬福利": 4, "职业发展": 3, "工作压力": 4, "组织认同": 2, "工作生活平衡": 5}, {"工作满意度": 1, "人际关系": 4, "工作感受": 3, "薪酬福利": 4, "职业发展": 3, "工作压力": 4, "组织认同": 3, "工作生活平衡": 2}, {"工作满意度": 3, "人际关系": 3, "工作感受": 3, "薪酬福利": 4, "职业发展": 2, "工作压力": 3, "组织认同": 3, "工作生活平衡": 3}, {"工作满意度": 4, "人际关系": 4, "工作感受": 4, "薪酬福利": 4, "职业发展": 5, "工作压力": 3, "组织认同": 2, "工作生活平衡": 4}, {"工作满意度": 2, "人际关系": 3, "工作感受": 3, "薪酬福利": 3, "职业发展": 4, "工作压力": 4, "组织认同": 3, "工作生活平衡": 3}, {"工作满意度": 4, "人际关系": 3, "工作感受": 4, "薪酬福利": 2, "职业发展": 3, "工作压力": 5, "组织认同": 4, "工作生活平衡": 3}, {"工作满意度": 3, "人际关系": 4, "工作感受": 3, "薪酬福利": 3, "职业发展": 3, "工作压力": 3, "组织认同": 3, "工作生活平衡": 2}, {"工作满意度": 3, "人际关系": 2, "工作感受": 3, "薪酬福利": 3, "职业发展": 3, "工作压力": 1, "组织认同": 3, "工作生活平衡": 4}, {"工作满意度": 3, "人际关系": 2, "工作感受": 2, "薪酬福利": 3, "职业发展": 2, "工作压力": 3, "组织认同": 3, "工作生活平衡": 3}, {"工作满意度": 3, "人际关系": 3, "工作感受": 4, "薪酬福利": 3, "职业发展": 3, "工作压力": 2, "组织认同": 2, "工作生活平衡": 3}, {"工作满意度": 3, "人际关系": 4, "工作感受": 3, "薪酬福利": 2, "职业发展": 4, "工作压力": 4, "组织认同": 3, "工作生活平衡": 2}, {"工作满意度": 3, "人际关系": 3, "工作感受": 1, "薪酬福利": 4, "职业发展": 3, "工作压力": 3, "组织认同": 3, "工作生活平衡": 2}, {"工作满意度": 3, "人际关系": 3, "工作感受": 3, "薪酬福利": 3, "职业发展": 1, "工作压力": 3, "组织认同": 3, "工作生活平衡": 4}, {"工作满意度": 3, "人际关系": 3, "工作感受": 2, "薪酬福利": 2, "职业发展": 3, "工作压力": 3, "组织认同": 2, "工作生活平衡": 3}, {"工作满意度": 4, "人际关系": 4, "工作感受": 2, "薪酬福利": 3, "职业发展": 4, "工作压力": 2, "组织认同": 2, "工作生活平衡": 2}, {"工作满意度": 3, "人际关系": 3, "工作感受": 3, "薪酬福利": 4, "职业发展": 3, "工作压力": 4, "组织认同": 3, "工作生活平衡": 2}, {"工作满意度": 3, "人际关系": 4, "工作感受": 4, "薪酬福利": 4, "职业发展": 3, "工作压力": 2, "组织认同": 3, "工作生活平衡": 3}, {"工作满意度": 3, "人际关系": 5, "工作感受": 4, "薪酬福利": 4, "职业发展": 3, "工作压力": 4, "组织认同": 3, "工作生活平衡": 4}, {"工作满意度": 4, "人际关系": 3, "工作感受": 2, "薪酬福利": 3, "职业发展": 3, "工作压力": 3, "组织认同": 3, "工作生活平衡": 2}, {"工作满意度": 2, "人际关系": 5, "工作感受": 2, "薪酬福利": 4, "职业发展": 3, "工作压力": 3, "组织认同": 2, "工作生活平衡": 4}, {"工作满意度": 3, "人际关系": 2, "工作感受": 3, "薪酬福利": 3, "职业发展": 2, "工作压力": 3, "组织认同": 3, "工作生活平衡": 4}, {"工作满意度": 4, "人际关系": 2, "工作感受": 4, "薪酬福利": 4, "职业发展": 3, "工作压力": 3, "组织认同": 3, "工作生活平衡": 5}, {"工作满意度": 2, "人际关系": 3, "工作感受": 3, "薪酬福利": 2, "职业发展": 2, "工作压力": 4, "组织认同": 3, "工作生活平衡": 4}, {"工作满意度": 4, "人际关系": 2, "工作感受": 3, "薪酬福利": 4, "职业发展": 3, "工作压力": 3, "组织认同": 3, "工作生活平衡": 5}, {"工作满意度": 4, "人际关系": 4, "工作感受": 3, "薪酬福利": 3, "职业发展": 3, "工作压力": 2, "组织认同": 4, "工作生活平衡": 3}, {"工作满意度": 3, "人际关系": 3, "工作感受": 4, "薪酬福利": 3, "职业发展": 3, "工作压力": 3, "组织认同": 2, "工作生活平衡": 3}, {"工作满意度": 3, "人际关系": 4, "工作感受": 2, "薪酬福利": 4, "职业发展": 3, "工作压力": 4, "组织认同": 4, "工作生活平衡": 3}, {"工作满意度": 3, "人际关系": 3, "工作感受": 2, "薪酬福利": 4, "职业发展": 4, "工作压力": 3, "组织认同": 3, "工作生活平衡": 2}, {"工作满意度": 3, "人际关系": 4, "工作感受": 3, "薪酬福利": 3, "职业发展": 3, "工作压力": 3, "组织认同": 2, "工作生活平衡": 3}, {"工作满意度": 3, "人际关系": 4, "工作感受": 3, "薪酬福利": 4, "职业发展": 3, "工作压力": 2, "组织认同": 2, "工作生活平衡": 3}, {"工作满意度": 5, "人际关系": 3, "工作感受": 2, "薪酬福利": 2, "职业发展": 3, "工作压力": 3, "组织认同": 3, "工作生活平衡": 3}, {"工作满意度": 4, "人际关系": 4, "工作感受": 3, "薪酬福利": 4, "职业发展": 3, "工作压力": 3, "组织认同": 4, "工作生活平衡": 3}, {"工作满意度": 2, "人际关系": 2, "工作感受": 3, "薪酬福利": 3, "职业发展": 1, "工作压力": 4, "组织认同": 5, "工作生活平衡": 3}, {"工作满意度": 3, "人际关系": 4, "工作感受": 2, "薪酬福利": 3, "职业发展": 3, "工作压力": 3, "组织认同": 3, "工作生活平衡": 4}, {"工作满意度": 3, "人际关系": 4, "工作感受": 4, "薪酬福利": 2, "职业发展": 4, "工作压力": 4, "组织认同": 3, "工作生活平衡": 4}, {"工作满意度": 3, "人际关系": 4, "工作感受": 3, "薪酬福利": 3, "职业发展": 4, "工作压力": 3, "组织认同": 3, "工作生活平衡": 4}, {"工作满意度": 2, "人际关系": 5, "工作感受": 3, "薪酬福利": 3, "职业发展": 3, "工作压力": 3, "组织认同": 3, "工作生活平衡": 3}, {"工作满意度": 3, "人际关系": 4, "工作感受": 4, "薪酬福利": 3, "职业发展": 3, "工作压力": 3, "组织认同": 4, "工作生活平衡": 4}, {"工作满意度": 5, "人际关系": 4, "工作感受": 3, "薪酬福利": 3, "职业发展": 4, "工作压力": 2, "组织认同": 3, "工作生活平衡": 2}, {"工作满意度": 4, "人际关系": 4, "工作感受": 3, "薪酬福利": 3, "职业发展": 2, "工作压力": 3, "组织认同": 3, "工作生活平衡": 2}, {"工作满意度": 4, "人际关系": 4, "工作感受": 3, "薪酬福利": 3, "职业发展": 3, "工作压力": 3, "组织认同": 2, "工作生活平衡": 5}, {"工作满意度": 2, "人际关系": 2, "工作感受": 2, "薪酬福利": 4, "职业发展": 3, "工作压力": 3, "组织认同": 4, "工作生活平衡": 3}, {"工作满意度": 3, "人际关系": 3, "工作感受": 3, "薪酬福利": 4, "职业发展": 3, "工作压力": 3, "组织认同": 3, "工作生活平衡": 2}, {"工作满意度": 3, "人际关系": 3, "工作感受": 2, "薪酬福利": 4, "职业发展": 3, "工作压力": 3, "组织认同": 3, "工作生活平衡": 3}, {"工作满意度": 4, "人际关系": 2, "工作感受": 3, "薪酬福利": 4, "职业发展": 3, "工作压力": 3, "组织认同": 3, "工作生活平衡": 3}, {"工作满意度": 3, "人际关系": 4, "工作感受": 3, "薪酬福利": 1, "职业发展": 1, "工作压力": 2, "组织认同": 2, "工作生活平衡": 3}, {"工作满意度": 3, "人际关系": 3, "工作感受": 3, "薪酬福利": 5, "职业发展": 3, "工作压力": 4, "组织认同": 3, "工作生活平衡": 2}, {"工作满意度": 2, "人际关系": 4, "工作感受": 3, "薪酬福利": 2, "职业发展": 3, "工作压力": 4, "组织认同": 3, "工作生活平衡": 3}, {"工作满意度": 2, "人际关系": 3, "工作感受": 3, "薪酬福利": 4, "职业发展": 3, "工作压力": 3, "组织认同": 2, "工作生活平衡": 3}, {"工作满意度": 3, "人际关系": 4, "工作感受": 2, "薪酬福利": 2, "职业发展": 3, "工作压力": 5, "组织认同": 3, "工作生活平衡": 3}, {"工作满意度": 3, "人际关系": 4, "工作感受": 3, "薪酬福利": 3, "职业发展": 3, "工作压力": 4, "组织认同": 3, "工作生活平衡": 4}, {"工作满意度": 2, "人际关系": 3, "工作感受": 2, "薪酬福利": 3, "职业发展": 2, "工作压力": 4, "组织认同": 3, "工作生活平衡": 4}, {"工作满意度": 3, "人际关系": 3, "工作感受": 3, "薪酬福利": 3, "职业发展": 3, "工作压力": 3, "组织认同": 3, "工作生活平衡": 3}, {"工作满意度": 2, "人际关系": 3, "工作感受": 3, "薪酬福利": 2, "职业发展": 4, "工作压力": 4, "组织认同": 2, "工作生活平衡": 3}, {"工作满意度": 3, "人际关系": 3, "工作感受": 3, "薪酬福利": 3, "职业发展": 3, "工作压力": 4, "组织认同": 3, "工作生活平衡": 3}, {"工作满意度": 4, "人际关系": 4, "工作感受": 3, "薪酬福利": 4, "职业发展": 5, "工作压力": 3, "组织认同": 4, "工作生活平衡": 3}, {"工作满意度": 4, "人际关系": 3, "工作感受": 2, "薪酬福利": 3, "职业发展": 3, "工作压力": 3, "组织认同": 3, "工作生活平衡": 4}, {"工作满意度": 4, "人际关系": 3, "工作感受": 3, "薪酬福利": 3, "职业发展": 3, "工作压力": 3, "组织认同": 2, "工作生活平衡": 4}, {"工作满意度": 4, "人际关系": 4, "工作感受": 3, "薪酬福利": 5, "职业发展": 3, "工作压力": 3, "组织认同": 2, "工作生活平衡": 4}, {"工作满意度": 3, "人际关系": 3, "工作感受": 3, "薪酬福利": 4, "职业发展": 3, "工作压力": 4, "组织认同": 3, "工作生活平衡": 3}, {"工作满意度": 3, "人际关系": 4, "工作感受": 2, "薪酬福利": 3, "职业发展": 4, "工作压力": 3, "组织认同": 3, "工作生活平衡": 3}, {"工作满意度": 4, "人际关系": 4, "工作感受": 2, "薪酬福利": 5, "职业发展": 3, "工作压力": 4, "组织认同": 2, "工作生活平衡": 2}, {"工作满意度": 2, "人际关系": 3, "工作感受": 3, "薪酬福利": 3, "职业发展": 3, "工作压力": 3, "组织认同": 2, "工作生活平衡": 3}, {"工作满意度": 3, "人际关系": 4, "工作感受": 2, "薪酬福利": 3, "职业发展": 2, "工作压力": 4, "组织认同": 2, "工作生活平衡": 3}, {"工作满意度": 2, "人际关系": 2, "工作感受": 2, "薪酬福利": 4, "职业发展": 2, "工作压力": 4, "组织认同": 3, "工作生活平衡": 4}, {"工作满意度": 4, "人际关系": 4, "工作感受": 2, "薪酬福利": 4, "职业发展": 4, "工作压力": 3, "组织认同": 4, "工作生活平衡": 4}, {"工作满意度": 3, "人际关系": 3, "工作感受": 2, "薪酬福利": 3, "职业发展": 4, "工作压力": 2, "组织认同": 3, "工作生活平衡": 3}, {"工作满意度": 3, "人际关系": 4, "工作感受": 3, "薪酬福利": 3, "职业发展": 3, "工作压力": 4, "组织认同": 4, "工作生活平衡": 3}, {"工作满意度": 4, "人际关系": 4, "工作感受": 3, "薪酬福利": 4, "职业发展": 3, "工作压力": 4, "组织认同": 3, "工作生活平衡": 2}, {"工作满意度": 3, "人际关系": 3, "工作感受": 2, "薪酬福利": 2, "职业发展": 3, "工作压力": 3, "组织认同": 1, "工作生活平衡": 3}, {"工作满意度": 3, "人际关系": 3, "工作感受": 2, "薪酬福利": 4, "职业发展": 2, "工作压力": 3, "组织认同": 3, "工作生活平衡": 4}, {"工作满意度": 2, "人际关系": 3, "工作感受": 3, "薪酬福利": 4, "职业发展": 3, "工作压力": 3, "组织认同": 1, "工作生活平衡": 3}, {"工作满意度": 4, "人际关系": 4, "工作感受": 4, "薪酬福利": 3, "职业发展": 3, "工作压力": 3, "组织认同": 5, "工作生活平衡": 3}, {"工作满意度": 3, "人际关系": 5, "工作感受": 3, "薪酬福利": 3, "职业发展": 3, "工作压力": 2, "组织认同": 3, "工作生活平衡": 3}, {"工作满意度": 4, "人际关系": 3, "工作感受": 4, "薪酬福利": 4, "职业发展": 3, "工作压力": 3, "组织认同": 2, "工作生活平衡": 3}, {"工作满意度": 3, "人际关系": 3, "工作感受": 2, "薪酬福利": 3, "职业发展": 3, "工作压力": 4, "组织认同": 4, "工作生活平衡": 2}, {"工作满意度": 3, "人际关系": 1, "工作感受": 4, "薪酬福利": 3, "职业发展": 3, "工作压力": 3, "组织认同": 4, "工作生活平衡": 4}, {"工作满意度": 4, "人际关系": 3, "工作感受": 3, "薪酬福利": 3, "职业发展": 4, "工作压力": 2, "组织认同": 2, "工作生活平衡": 3}, {"工作满意度": 1, "人际关系": 3, "工作感受": 3, "薪酬福利": 3, "职业发展": 2, "工作压力": 3, "组织认同": 1, "工作生活平衡": 3}, {"工作满意度": 4, "人际关系": 3, "工作感受": 3, "薪酬福利": 4, "职业发展": 5, "工作压力": 3, "组织认同": 3, "工作生活平衡": 1}, {"工作满意度": 3, "人际关系": 3, "工作感受": 2, "薪酬福利": 4, "职业发展": 3, "工作压力": 2, "组织认同": 2, "工作生活平衡": 4}, {"工作满意度": 4, "人际关系": 3, "工作感受": 3, "薪酬福利": 4, "职业发展": 3, "工作压力": 3, "组织认同": 3, "工作生活平衡": 3}, {"工作满意度": 2, "人际关系": 3, "工作感受": 2, "薪酬福利": 3, "职业发展": 2, "工作压力": 3, "组织认同": 3, "工作生活平衡": 2}, {"工作满意度": 3, "人际关系": 2, "工作感受": 3, "薪酬福利": 3, "职业发展": 3, "工作压力": 3, "组织认同": 2, "工作生活平衡": 2}, {"工作满意度": 2, "人际关系": 3, "工作感受": 2, "薪酬福利": 3, "职业发展": 2, "工作压力": 3, "组织认同": 3, "工作生活平衡": 3}, {"工作满意度": 4, "人际关系": 3, "工作感受": 2, "薪酬福利": 4, "职业发展": 3, "工作压力": 4, "组织认同": 4, "工作生活平衡": 3}, {"工作满意度": 3, "人际关系": 4, "工作感受": 3, "薪酬福利": 4, "职业发展": 3, "工作压力": 3, "组织认同": 3, "工作生活平衡": 3}, {"工作满意度": 2, "人际关系": 4, "工作感受": 3, "薪酬福利": 3, "职业发展": 3, "工作压力": 5, "组织认同": 2, "工作生活平衡": 1}, {"工作满意度": 2, "人际关系": 3, "工作感受": 3, "薪酬福利": 2, "职业发展": 1, "工作压力": 4, "组织认同": 3, "工作生活平衡": 4}, {"工作满意度": 4, "人际关系": 4, "工作感受": 3, "薪酬福利": 2, "职业发展": 4, "工作压力": 3, "组织认同": 3, "工作生活平衡": 3}, {"工作满意度": 3, "人际关系": 3, "工作感受": 5, "薪酬福利": 3, "职业发展": 4, "工作压力": 4, "组织认同": 2, "工作生活平衡": 1}, {"工作满意度": 4, "人际关系": 2, "工作感受": 3, "薪酬福利": 3, "职业发展": 3, "工作压力": 4, "组织认同": 2, "工作生活平衡": 3}, {"工作满意度": 3, "人际关系": 4, "工作感受": 3, "薪酬福利": 4, "职业发展": 3, "工作压力": 2, "组织认同": 3, "工作生活平衡": 3}, {"工作满意度": 4, "人际关系": 5, "工作感受": 2, "薪酬福利": 3, "职业发展": 3, "工作压力": 4, "组织认同": 3, "工作生活平衡": 4}, {"工作满意度": 2, "人际关系": 2, "工作感受": 3, "薪酬福利": 4, "职业发展": 2, "工作压力": 2, "组织认同": 3, "工作生活平衡": 4}, {"工作满意度": 4, "人际关系": 3, "工作感受": 2, "薪酬福利": 3, "职业发展": 3, "工作压力": 2, "组织认同": 3, "工作生活平衡": 5}, {"工作满意度": 4, "人际关系": 2, "工作感受": 3, "薪酬福利": 3, "职业发展": 3, "工作压力": 2, "组织认同": 3, "工作生活平衡": 3}, {"工作满意度": 4, "人际关系": 4, "工作感受": 3, "薪酬福利": 3, "职业发展": 4, "工作压力": 4, "组织认同": 2, "工作生活平衡": 4}, {"工作满意度": 2, "人际关系": 4, "工作感受": 3, "薪酬福利": 2, "职业发展": 3, "工作压力": 5, "组织认同": 3, "工作生活平衡": 4}, {"工作满意度": 3, "人际关系": 2, "工作感受": 2, "薪酬福利": 1, "职业发展": 3, "工作压力": 4, "组织认同": 3, "工作生活平衡": 3}, {"工作满意度": 5, "人际关系": 3, "工作感受": 3, "薪酬福利": 3, "职业发展": 2, "工作压力": 2, "组织认同": 2, "工作生活平衡": 3}, {"工作满意度": 3, "人际关系": 3, "工作感受": 2, "薪酬福利": 3, "职业发展": 5, "工作压力": 4, "组织认同": 3, "工作生活平衡": 4}, {"工作满意度": 2, "人际关系": 4, "工作感受": 3, "薪酬福利": 4, "职业发展": 2, "工作压力": 4, "组织认同": 3, "工作生活平衡": 3}, {"工作满意度": 3, "人际关系": 2, "工作感受": 4, "薪酬福利": 4, "职业发展": 4, "工作压力": 4, "组织认同": 4, "工作生活平衡": 4}, {"工作满意度": 2, "人际关系": 3, "工作感受": 3, "薪酬福利": 3, "职业发展": 1, "工作压力": 4, "组织认同": 3, "工作生活平衡": 4}, {"工作满意度": 3, "人际关系": 2, "工作感受": 2, "薪酬福利": 4, "职业发展": 3, "工作压力": 3, "组织认同": 3, "工作生活平衡": 2}, {"工作满意度": 4, "人际关系": 3, "工作感受": 3, "薪酬福利": 1, "职业发展": 3, "工作压力": 3, "组织认同": 2, "工作生活平衡": 2}, {"工作满意度": 4, "人际关系": 3, "工作感受": 3, "薪酬福利": 3, "职业发展": 4, "工作压力": 4, "组织认同": 4, "工作生活平衡": 3}, {"工作满意度": 3, "人际关系": 3, "工作感受": 3, "薪酬福利": 3, "职业发展": 3, "工作压力": 3, "组织认同": 4, "工作生活平衡": 3}, {"工作满意度": 2, "人际关系": 2, "工作感受": 2, "薪酬福利": 3, "职业发展": 1, "工作压力": 4, "组织认同": 2, "工作生活平衡": 3}, {"工作满意度": 3, "人际关系": 4, "工作感受": 4, "薪酬福利": 2, "职业发展": 2, "工作压力": 4, "组织认同": 3, "工作生活平衡": 3}, {"工作满意度": 4, "人际关系": 3, "工作感受": 1, "薪酬福利": 2, "职业发展": 2, "工作压力": 4, "组织认同": 3, "工作生活平衡": 1}, {"工作满意度": 2, "人际关系": 3, "工作感受": 2, "薪酬福利": 3, "职业发展": 3, "工作压力": 3, "组织认同": 3, "工作生活平衡": 4}, {"工作满意度": 2, "人际关系": 4, "工作感受": 3, "薪酬福利": 3, "职业发展": 3, "工作压力": 3, "组织认同": 3, "工作生活平衡": 3}, {"工作满意度": 3, "人际关系": 3, "工作感受": 3, "薪酬福利": 3, "职业发展": 2, "工作压力": 3, "组织认同": 4, "工作生活平衡": 2}, {"工作满意度": 3, "人际关系": 4, "工作感受": 1, "薪酬福利": 3, "职业发展": 4, "工作压力": 4, "组织认同": 3, "工作生活平衡": 4}, {"工作满意度": 2, "人际关系": 4, "工作感受": 3, "薪酬福利": 4, "职业发展": 4, "工作压力": 4, "组织认同": 3, "工作生活平衡": 2}, {"工作满意度": 4, "人际关系": 3, "工作感受": 3, "薪酬福利": 4, "职业发展": 4, "工作压力": 3, "组织认同": 4, "工作生活平衡": 1}, {"工作满意度": 4, "人际关系": 3, "工作感受": 2, "薪酬福利": 3, "职业发展": 4, "工作压力": 2, "组织认同": 4, "工作生活平衡": 4}, {"工作满意度": 2, "人际关系": 3, "工作感受": 3, "薪酬福利": 4, "职业发展": 4, "工作压力": 4, "组织认同": 3, "工作生活平衡": 2}, {"工作满意度": 2, "人际关系": 4, "工作感受": 2, "薪酬福利": 4, "职业发展": 3, "工作压力": 4, "组织认同": 2, "工作生活平衡": 3}, {"工作满意度": 3, "人际关系": 4, "工作感受": 3, "薪酬福利": 4, "职业发展": 4, "工作压力": 3, "组织认同": 3, "工作生活平衡": 3}, {"工作满意度": 3, "人际关系": 4, "工作感受": 4, "薪酬福利": 3, "职业发展": 3, "工作压力": 3, "组织认同": 2, "工作生活平衡": 3}, {"工作满意度": 2, "人际关系": 3, "工作感受": 3, "薪酬福利": 3, "职业发展": 3, "工作压力": 3, "组织认同": 2, "工作生活平衡": 2}, {"工作满意度": 3, "人际关系": 4, "工作感受": 2, "薪酬福利": 3, "职业发展": 4, "工作压力": 4, "组织认同": 3, "工作生活平衡": 4}, {"工作满意度": 3, "人际关系": 4, "工作感受": 4, "薪酬福利": 3, "职业发展": 5, "工作压力": 4, "组织认同": 2, "工作生活平衡": 2}, {"工作满意度": 3, "人际关系": 3, "工作感受": 3, "薪酬福利": 3, "职业发展": 3, "工作压力": 3, "组织认同": 4, "工作生活平衡": 3}]', '2026-07-10T03:14:07.599420+00');
INSERT INTO datasets (id, simulation_config_id, project_id, sample_size, columns, data, created_at) VALUES ('c3fe239a-f2eb-43f1-a6b2-e24ca38e18a0', '9e0351bf-e8b5-4103-a7cc-c7b8b27dceb2', '1d1c3247-9290-4a2b-91de-96c0fa6f9396', 200, '["工作满意度", "人际关系", "工作感受", "薪酬福利", "职业发展", "工作压力", "组织认同", "工作生活平衡"]', '[{"工作满意度": 3, "人际关系": 2, "工作感受": 4, "薪酬福利": 2, "职业发展": 3, "工作压力": 3, "组织认同": 3, "工作生活平衡": 2}, {"工作满意度": 3, "人际关系": 2, "工作感受": 3, "薪酬福利": 4, "职业发展": 3, "工作压力": 3, "组织认同": 3, "工作生活平衡": 2}, {"工作满意度": 3, "人际关系": 3, "工作感受": 3, "薪酬福利": 3, "职业发展": 2, "工作压力": 3, "组织认同": 4, "工作生活平衡": 2}, {"工作满意度": 3, "人际关系": 3, "工作感受": 3, "薪酬福利": 4, "职业发展": 3, "工作压力": 3, "组织认同": 4, "工作生活平衡": 3}, {"工作满意度": 4, "人际关系": 2, "工作感受": 3, "薪酬福利": 3, "职业发展": 3, "工作压力": 3, "组织认同": 2, "工作生活平衡": 3}, {"工作满意度": 3, "人际关系": 3, "工作感受": 3, "薪酬福利": 3, "职业发展": 3, "工作压力": 4, "组织认同": 3, "工作生活平衡": 4}, {"工作满意度": 2, "人际关系": 3, "工作感受": 4, "薪酬福利": 3, "职业发展": 3, "工作压力": 3, "组织认同": 2, "工作生活平衡": 3}, {"工作满意度": 3, "人际关系": 3, "工作感受": 4, "薪酬福利": 3, "职业发展": 4, "工作压力": 4, "组织认同": 3, "工作生活平衡": 4}, {"工作满意度": 2, "人际关系": 4, "工作感受": 2, "薪酬福利": 3, "职业发展": 3, "工作压力": 3, "组织认同": 2, "工作生活平衡": 4}, {"工作满意度": 3, "人际关系": 3, "工作感受": 3, "薪酬福利": 3, "职业发展": 4, "工作压力": 3, "组织认同": 3, "工作生活平衡": 4}, {"工作满意度": 3, "人际关系": 4, "工作感受": 4, "薪酬福利": 4, "职业发展": 3, "工作压力": 3, "组织认同": 2, "工作生活平衡": 3}, {"工作满意度": 2, "人际关系": 3, "工作感受": 3, "薪酬福利": 3, "职业发展": 3, "工作压力": 3, "组织认同": 2, "工作生活平衡": 4}, {"工作满意度": 4, "人际关系": 3, "工作感受": 3, "薪酬福利": 4, "职业发展": 3, "工作压力": 2, "组织认同": 3, "工作生活平衡": 2}, {"工作满意度": 4, "人际关系": 4, "工作感受": 2, "薪酬福利": 2, "职业发展": 4, "工作压力": 3, "组织认同": 3, "工作生活平衡": 3}, {"工作满意度": 3, "人际关系": 3, "工作感受": 3, "薪酬福利": 3, "职业发展": 3, "工作压力": 3, "组织认同": 4, "工作生活平衡": 2}, {"工作满意度": 3, "人际关系": 3, "工作感受": 2, "薪酬福利": 3, "职业发展": 4, "工作压力": 3, "组织认同": 4, "工作生活平衡": 3}, {"工作满意度": 3, "人际关系": 4, "工作感受": 2, "薪酬福利": 3, "职业发展": 3, "工作压力": 2, "组织认同": 2, "工作生活平衡": 2}, {"工作满意度": 3, "人际关系": 1, "工作感受": 3, "薪酬福利": 3, "职业发展": 3, "工作压力": 4, "组织认同": 1, "工作生活平衡": 4}, {"工作满意度": 3, "人际关系": 4, "工作感受": 2, "薪酬福利": 3, "职业发展": 4, "工作压力": 3, "组织认同": 3, "工作生活平衡": 3}, {"工作满意度": 4, "人际关系": 2, "工作感受": 3, "薪酬福利": 4, "职业发展": 5, "工作压力": 3, "组织认同": 2, "工作生活平衡": 3}, {"工作满意度": 4, "人际关系": 3, "工作感受": 2, "薪酬福利": 3, "职业发展": 2, "工作压力": 2, "组织认同": 3, "工作生活平衡": 3}, {"工作满意度": 3, "人际关系": 3, "工作感受": 3, "薪酬福利": 3, "职业发展": 3, "工作压力": 4, "组织认同": 2, "工作生活平衡": 3}, {"工作满意度": 2, "人际关系": 3, "工作感受": 2, "薪酬福利": 3, "职业发展": 2, "工作压力": 4, "组织认同": 3, "工作生活平衡": 3}, {"工作满意度": 3, "人际关系": 4, "工作感受": 4, "薪酬福利": 4, "职业发展": 2, "工作压力": 3, "组织认同": 4, "工作生活平衡": 4}, {"工作满意度": 3, "人际关系": 4, "工作感受": 2, "薪酬福利": 3, "职业发展": 3, "工作压力": 3, "组织认同": 3, "工作生活平衡": 4}, {"工作满意度": 2, "人际关系": 3, "工作感受": 4, "薪酬福利": 3, "职业发展": 3, "工作压力": 3, "组织认同": 2, "工作生活平衡": 4}, {"工作满意度": 4, "人际关系": 3, "工作感受": 3, "薪酬福利": 3, "职业发展": 2, "工作压力": 2, "组织认同": 3, "工作生活平衡": 3}, {"工作满意度": 2, "人际关系": 4, "工作感受": 3, "薪酬福利": 3, "职业发展": 3, "工作压力": 3, "组织认同": 3, "工作生活平衡": 4}, {"工作满意度": 3, "人际关系": 1, "工作感受": 4, "薪酬福利": 3, "职业发展": 3, "工作压力": 3, "组织认同": 2, "工作生活平衡": 3}, {"工作满意度": 3, "人际关系": 4, "工作感受": 5, "薪酬福利": 3, "职业发展": 3, "工作压力": 3, "组织认同": 2, "工作生活平衡": 4}, {"工作满意度": 4, "人际关系": 5, "工作感受": 1, "薪酬福利": 2, "职业发展": 3, "工作压力": 3, "组织认同": 2, "工作生活平衡": 3}, {"工作满意度": 1, "人际关系": 3, "工作感受": 2, "薪酬福利": 3, "职业发展": 2, "工作压力": 5, "组织认同": 3, "工作生活平衡": 2}, {"工作满意度": 3, "人际关系": 4, "工作感受": 3, "薪酬福利": 3, "职业发展": 2, "工作压力": 3, "组织认同": 3, "工作生活平衡": 3}, {"工作满意度": 3, "人际关系": 3, "工作感受": 3, "薪酬福利": 3, "职业发展": 3, "工作压力": 4, "组织认同": 2, "工作生活平衡": 4}, {"工作满意度": 3, "人际关系": 2, "工作感受": 3, "薪酬福利": 3, "职业发展": 2, "工作压力": 3, "组织认同": 4, "工作生活平衡": 5}, {"工作满意度": 3, "人际关系": 3, "工作感受": 4, "薪酬福利": 3, "职业发展": 2, "工作压力": 3, "组织认同": 3, "工作生活平衡": 2}, {"工作满意度": 3, "人际关系": 3, "工作感受": 2, "薪酬福利": 2, "职业发展": 3, "工作压力": 3, "组织认同": 3, "工作生活平衡": 3}, {"工作满意度": 3, "人际关系": 4, "工作感受": 2, "薪酬福利": 2, "职业发展": 4, "工作压力": 4, "组织认同": 3, "工作生活平衡": 3}, {"工作满意度": 3, "人际关系": 3, "工作感受": 2, "薪酬福利": 4, "职业发展": 3, "工作压力": 4, "组织认同": 4, "工作生活平衡": 2}, {"工作满意度": 1, "人际关系": 3, "工作感受": 3, "薪酬福利": 3, "职业发展": 2, "工作压力": 3, "组织认同": 3, "工作生活平衡": 4}, {"工作满意度": 2, "人际关系": 2, "工作感受": 1, "薪酬福利": 4, "职业发展": 2, "工作压力": 3, "组织认同": 2, "工作生活平衡": 3}, {"工作满意度": 3, "人际关系": 2, "工作感受": 3, "薪酬福利": 3, "职业发展": 3, "工作压力": 2, "组织认同": 3, "工作生活平衡": 3}, {"工作满意度": 4, "人际关系": 2, "工作感受": 5, "薪酬福利": 3, "职业发展": 3, "工作压力": 3, "组织认同": 3, "工作生活平衡": 3}, {"工作满意度": 2, "人际关系": 3, "工作感受": 4, "薪酬福利": 4, "职业发展": 2, "工作压力": 5, "组织认同": 3, "工作生活平衡": 2}, {"工作满意度": 3, "人际关系": 3, "工作感受": 3, "薪酬福利": 3, "职业发展": 3, "工作压力": 3, "组织认同": 2, "工作生活平衡": 4}, {"工作满意度": 3, "人际关系": 3, "工作感受": 3, "薪酬福利": 4, "职业发展": 2, "工作压力": 2, "组织认同": 2, "工作生活平衡": 3}, {"工作满意度": 4, "人际关系": 3, "工作感受": 2, "薪酬福利": 4, "职业发展": 3, "工作压力": 4, "组织认同": 3, "工作生活平衡": 4}, {"工作满意度": 3, "人际关系": 3, "工作感受": 3, "薪酬福利": 4, "职业发展": 3, "工作压力": 2, "组织认同": 2, "工作生活平衡": 2}, {"工作满意度": 4, "人际关系": 3, "工作感受": 3, "薪酬福利": 2, "职业发展": 4, "工作压力": 2, "组织认同": 1, "工作生活平衡": 3}, {"工作满意度": 3, "人际关系": 3, "工作感受": 2, "薪酬福利": 3, "职业发展": 3, "工作压力": 3, "组织认同": 3, "工作生活平衡": 4}, {"工作满意度": 3, "人际关系": 3, "工作感受": 2, "薪酬福利": 3, "职业发展": 2, "工作压力": 3, "组织认同": 3, "工作生活平衡": 3}, {"工作满意度": 4, "人际关系": 5, "工作感受": 3, "薪酬福利": 4, "职业发展": 3, "工作压力": 2, "组织认同": 3, "工作生活平衡": 2}, {"工作满意度": 2, "人际关系": 3, "工作感受": 3, "薪酬福利": 3, "职业发展": 3, "工作压力": 4, "组织认同": 2, "工作生活平衡": 4}, {"工作满意度": 4, "人际关系": 2, "工作感受": 4, "薪酬福利": 4, "职业发展": 4, "工作压力": 3, "组织认同": 2, "工作生活平衡": 3}, {"工作满意度": 3, "人际关系": 3, "工作感受": 3, "薪酬福利": 3, "职业发展": 2, "工作压力": 3, "组织认同": 2, "工作生活平衡": 2}, {"工作满意度": 3, "人际关系": 2, "工作感受": 3, "薪酬福利": 2, "职业发展": 3, "工作压力": 3, "组织认同": 4, "工作生活平衡": 3}, {"工作满意度": 2, "人际关系": 3, "工作感受": 1, "薪酬福利": 5, "职业发展": 2, "工作压力": 4, "组织认同": 3, "工作生活平衡": 3}, {"工作满意度": 2, "人际关系": 3, "工作感受": 3, "薪酬福利": 3, "职业发展": 3, "工作压力": 3, "组织认同": 2, "工作生活平衡": 3}, {"工作满意度": 4, "人际关系": 2, "工作感受": 2, "薪酬福利": 3, "职业发展": 4, "工作压力": 3, "组织认同": 3, "工作生活平衡": 3}, {"工作满意度": 4, "人际关系": 3, "工作感受": 2, "薪酬福利": 3, "职业发展": 2, "工作压力": 3, "组织认同": 3, "工作生活平衡": 3}, {"工作满意度": 3, "人际关系": 3, "工作感受": 3, "薪酬福利": 3, "职业发展": 3, "工作压力": 4, "组织认同": 2, "工作生活平衡": 4}, {"工作满意度": 4, "人际关系": 3, "工作感受": 3, "薪酬福利": 4, "职业发展": 3, "工作压力": 3, "组织认同": 3, "工作生活平衡": 4}, {"工作满意度": 4, "人际关系": 5, "工作感受": 2, "薪酬福利": 4, "职业发展": 4, "工作压力": 2, "组织认同": 2, "工作生活平衡": 3}, {"工作满意度": 5, "人际关系": 2, "工作感受": 3, "薪酬福利": 4, "职业发展": 4, "工作压力": 1, "组织认同": 2, "工作生活平衡": 3}, {"工作满意度": 3, "人际关系": 3, "工作感受": 2, "薪酬福利": 3, "职业发展": 2, "工作压力": 3, "组织认同": 3, "工作生活平衡": 3}, {"工作满意度": 4, "人际关系": 3, "工作感受": 2, "薪酬福利": 3, "职业发展": 3, "工作压力": 2, "组织认同": 4, "工作生活平衡": 2}, {"工作满意度": 3, "人际关系": 4, "工作感受": 3, "薪酬福利": 4, "职业发展": 2, "工作压力": 3, "组织认同": 2, "工作生活平衡": 4}, {"工作满意度": 3, "人际关系": 5, "工作感受": 4, "薪酬福利": 3, "职业发展": 4, "工作压力": 3, "组织认同": 3, "工作生活平衡": 4}, {"工作满意度": 3, "人际关系": 4, "工作感受": 2, "薪酬福利": 4, "职业发展": 2, "工作压力": 3, "组织认同": 3, "工作生活平衡": 3}, {"工作满意度": 2, "人际关系": 3, "工作感受": 3, "薪酬福利": 3, "职业发展": 3, "工作压力": 3, "组织认同": 2, "工作生活平衡": 5}, {"工作满意度": 3, "人际关系": 4, "工作感受": 2, "薪酬福利": 4, "职业发展": 3, "工作压力": 3, "组织认同": 3, "工作生活平衡": 3}, {"工作满意度": 2, "人际关系": 4, "工作感受": 3, "薪酬福利": 3, "职业发展": 4, "工作压力": 4, "组织认同": 3, "工作生活平衡": 3}, {"工作满意度": 2, "人际关系": 3, "工作感受": 5, "薪酬福利": 3, "职业发展": 3, "工作压力": 4, "组织认同": 3, "工作生活平衡": 4}, {"工作满意度": 3, "人际关系": 4, "工作感受": 3, "薪酬福利": 4, "职业发展": 3, "工作压力": 4, "组织认同": 2, "工作生活平衡": 5}, {"工作满意度": 1, "人际关系": 4, "工作感受": 3, "薪酬福利": 4, "职业发展": 3, "工作压力": 4, "组织认同": 3, "工作生活平衡": 2}, {"工作满意度": 3, "人际关系": 3, "工作感受": 3, "薪酬福利": 4, "职业发展": 2, "工作压力": 3, "组织认同": 3, "工作生活平衡": 3}, {"工作满意度": 4, "人际关系": 4, "工作感受": 4, "薪酬福利": 4, "职业发展": 5, "工作压力": 3, "组织认同": 2, "工作生活平衡": 4}, {"工作满意度": 2, "人际关系": 3, "工作感受": 3, "薪酬福利": 3, "职业发展": 4, "工作压力": 4, "组织认同": 3, "工作生活平衡": 3}, {"工作满意度": 4, "人际关系": 3, "工作感受": 4, "薪酬福利": 2, "职业发展": 3, "工作压力": 5, "组织认同": 4, "工作生活平衡": 3}, {"工作满意度": 3, "人际关系": 4, "工作感受": 3, "薪酬福利": 3, "职业发展": 3, "工作压力": 3, "组织认同": 3, "工作生活平衡": 2}, {"工作满意度": 3, "人际关系": 2, "工作感受": 3, "薪酬福利": 3, "职业发展": 3, "工作压力": 1, "组织认同": 3, "工作生活平衡": 4}, {"工作满意度": 3, "人际关系": 2, "工作感受": 2, "薪酬福利": 3, "职业发展": 2, "工作压力": 3, "组织认同": 3, "工作生活平衡": 3}, {"工作满意度": 3, "人际关系": 3, "工作感受": 4, "薪酬福利": 3, "职业发展": 3, "工作压力": 2, "组织认同": 2, "工作生活平衡": 3}, {"工作满意度": 3, "人际关系": 4, "工作感受": 3, "薪酬福利": 2, "职业发展": 4, "工作压力": 4, "组织认同": 3, "工作生活平衡": 2}, {"工作满意度": 3, "人际关系": 3, "工作感受": 1, "薪酬福利": 4, "职业发展": 3, "工作压力": 3, "组织认同": 3, "工作生活平衡": 2}, {"工作满意度": 3, "人际关系": 3, "工作感受": 3, "薪酬福利": 3, "职业发展": 1, "工作压力": 3, "组织认同": 3, "工作生活平衡": 4}, {"工作满意度": 3, "人际关系": 3, "工作感受": 2, "薪酬福利": 2, "职业发展": 3, "工作压力": 3, "组织认同": 2, "工作生活平衡": 3}, {"工作满意度": 4, "人际关系": 4, "工作感受": 2, "薪酬福利": 3, "职业发展": 4, "工作压力": 2, "组织认同": 2, "工作生活平衡": 2}, {"工作满意度": 3, "人际关系": 3, "工作感受": 3, "薪酬福利": 4, "职业发展": 3, "工作压力": 4, "组织认同": 3, "工作生活平衡": 2}, {"工作满意度": 3, "人际关系": 4, "工作感受": 4, "薪酬福利": 4, "职业发展": 3, "工作压力": 2, "组织认同": 3, "工作生活平衡": 3}, {"工作满意度": 3, "人际关系": 5, "工作感受": 4, "薪酬福利": 4, "职业发展": 3, "工作压力": 4, "组织认同": 3, "工作生活平衡": 4}, {"工作满意度": 4, "人际关系": 3, "工作感受": 2, "薪酬福利": 3, "职业发展": 3, "工作压力": 3, "组织认同": 3, "工作生活平衡": 2}, {"工作满意度": 2, "人际关系": 5, "工作感受": 2, "薪酬福利": 4, "职业发展": 3, "工作压力": 3, "组织认同": 2, "工作生活平衡": 4}, {"工作满意度": 3, "人际关系": 2, "工作感受": 3, "薪酬福利": 3, "职业发展": 2, "工作压力": 3, "组织认同": 3, "工作生活平衡": 4}, {"工作满意度": 4, "人际关系": 2, "工作感受": 4, "薪酬福利": 4, "职业发展": 3, "工作压力": 3, "组织认同": 3, "工作生活平衡": 5}, {"工作满意度": 2, "人际关系": 3, "工作感受": 3, "薪酬福利": 2, "职业发展": 2, "工作压力": 4, "组织认同": 3, "工作生活平衡": 4}, {"工作满意度": 4, "人际关系": 2, "工作感受": 3, "薪酬福利": 4, "职业发展": 3, "工作压力": 3, "组织认同": 3, "工作生活平衡": 5}, {"工作满意度": 4, "人际关系": 4, "工作感受": 3, "薪酬福利": 3, "职业发展": 3, "工作压力": 2, "组织认同": 4, "工作生活平衡": 3}, {"工作满意度": 3, "人际关系": 3, "工作感受": 4, "薪酬福利": 3, "职业发展": 3, "工作压力": 3, "组织认同": 2, "工作生活平衡": 3}, {"工作满意度": 3, "人际关系": 4, "工作感受": 2, "薪酬福利": 4, "职业发展": 3, "工作压力": 4, "组织认同": 4, "工作生活平衡": 3}, {"工作满意度": 3, "人际关系": 3, "工作感受": 2, "薪酬福利": 4, "职业发展": 4, "工作压力": 3, "组织认同": 3, "工作生活平衡": 2}, {"工作满意度": 3, "人际关系": 4, "工作感受": 3, "薪酬福利": 3, "职业发展": 3, "工作压力": 3, "组织认同": 2, "工作生活平衡": 3}, {"工作满意度": 3, "人际关系": 4, "工作感受": 3, "薪酬福利": 4, "职业发展": 3, "工作压力": 2, "组织认同": 2, "工作生活平衡": 3}, {"工作满意度": 5, "人际关系": 3, "工作感受": 2, "薪酬福利": 2, "职业发展": 3, "工作压力": 3, "组织认同": 3, "工作生活平衡": 3}, {"工作满意度": 4, "人际关系": 4, "工作感受": 3, "薪酬福利": 4, "职业发展": 3, "工作压力": 3, "组织认同": 4, "工作生活平衡": 3}, {"工作满意度": 2, "人际关系": 2, "工作感受": 3, "薪酬福利": 3, "职业发展": 1, "工作压力": 4, "组织认同": 5, "工作生活平衡": 3}, {"工作满意度": 3, "人际关系": 4, "工作感受": 2, "薪酬福利": 3, "职业发展": 3, "工作压力": 3, "组织认同": 3, "工作生活平衡": 4}, {"工作满意度": 3, "人际关系": 4, "工作感受": 4, "薪酬福利": 2, "职业发展": 4, "工作压力": 4, "组织认同": 3, "工作生活平衡": 4}, {"工作满意度": 3, "人际关系": 4, "工作感受": 3, "薪酬福利": 3, "职业发展": 4, "工作压力": 3, "组织认同": 3, "工作生活平衡": 4}, {"工作满意度": 2, "人际关系": 5, "工作感受": 3, "薪酬福利": 3, "职业发展": 3, "工作压力": 3, "组织认同": 3, "工作生活平衡": 3}, {"工作满意度": 3, "人际关系": 4, "工作感受": 4, "薪酬福利": 3, "职业发展": 3, "工作压力": 3, "组织认同": 4, "工作生活平衡": 4}, {"工作满意度": 5, "人际关系": 4, "工作感受": 3, "薪酬福利": 3, "职业发展": 4, "工作压力": 2, "组织认同": 3, "工作生活平衡": 2}, {"工作满意度": 4, "人际关系": 4, "工作感受": 3, "薪酬福利": 3, "职业发展": 2, "工作压力": 3, "组织认同": 3, "工作生活平衡": 2}, {"工作满意度": 4, "人际关系": 4, "工作感受": 3, "薪酬福利": 3, "职业发展": 3, "工作压力": 3, "组织认同": 2, "工作生活平衡": 5}, {"工作满意度": 2, "人际关系": 2, "工作感受": 2, "薪酬福利": 4, "职业发展": 3, "工作压力": 3, "组织认同": 4, "工作生活平衡": 3}, {"工作满意度": 3, "人际关系": 3, "工作感受": 3, "薪酬福利": 4, "职业发展": 3, "工作压力": 3, "组织认同": 3, "工作生活平衡": 2}, {"工作满意度": 3, "人际关系": 3, "工作感受": 2, "薪酬福利": 4, "职业发展": 3, "工作压力": 3, "组织认同": 3, "工作生活平衡": 3}, {"工作满意度": 4, "人际关系": 2, "工作感受": 3, "薪酬福利": 4, "职业发展": 3, "工作压力": 3, "组织认同": 3, "工作生活平衡": 3}, {"工作满意度": 3, "人际关系": 4, "工作感受": 3, "薪酬福利": 1, "职业发展": 1, "工作压力": 2, "组织认同": 2, "工作生活平衡": 3}, {"工作满意度": 3, "人际关系": 3, "工作感受": 3, "薪酬福利": 5, "职业发展": 3, "工作压力": 4, "组织认同": 3, "工作生活平衡": 2}, {"工作满意度": 2, "人际关系": 4, "工作感受": 3, "薪酬福利": 2, "职业发展": 3, "工作压力": 4, "组织认同": 3, "工作生活平衡": 3}, {"工作满意度": 2, "人际关系": 3, "工作感受": 3, "薪酬福利": 4, "职业发展": 3, "工作压力": 3, "组织认同": 2, "工作生活平衡": 3}, {"工作满意度": 3, "人际关系": 4, "工作感受": 2, "薪酬福利": 2, "职业发展": 3, "工作压力": 5, "组织认同": 3, "工作生活平衡": 3}, {"工作满意度": 3, "人际关系": 4, "工作感受": 3, "薪酬福利": 3, "职业发展": 3, "工作压力": 4, "组织认同": 3, "工作生活平衡": 4}, {"工作满意度": 2, "人际关系": 3, "工作感受": 2, "薪酬福利": 3, "职业发展": 2, "工作压力": 4, "组织认同": 3, "工作生活平衡": 4}, {"工作满意度": 3, "人际关系": 3, "工作感受": 3, "薪酬福利": 3, "职业发展": 3, "工作压力": 3, "组织认同": 3, "工作生活平衡": 3}, {"工作满意度": 2, "人际关系": 3, "工作感受": 3, "薪酬福利": 2, "职业发展": 4, "工作压力": 4, "组织认同": 2, "工作生活平衡": 3}, {"工作满意度": 3, "人际关系": 3, "工作感受": 3, "薪酬福利": 3, "职业发展": 3, "工作压力": 4, "组织认同": 3, "工作生活平衡": 3}, {"工作满意度": 4, "人际关系": 4, "工作感受": 3, "薪酬福利": 4, "职业发展": 5, "工作压力": 3, "组织认同": 4, "工作生活平衡": 3}, {"工作满意度": 4, "人际关系": 3, "工作感受": 2, "薪酬福利": 3, "职业发展": 3, "工作压力": 3, "组织认同": 3, "工作生活平衡": 4}, {"工作满意度": 4, "人际关系": 3, "工作感受": 3, "薪酬福利": 3, "职业发展": 3, "工作压力": 3, "组织认同": 2, "工作生活平衡": 4}, {"工作满意度": 4, "人际关系": 4, "工作感受": 3, "薪酬福利": 5, "职业发展": 3, "工作压力": 3, "组织认同": 2, "工作生活平衡": 4}, {"工作满意度": 3, "人际关系": 3, "工作感受": 3, "薪酬福利": 4, "职业发展": 3, "工作压力": 4, "组织认同": 3, "工作生活平衡": 3}, {"工作满意度": 3, "人际关系": 4, "工作感受": 2, "薪酬福利": 3, "职业发展": 4, "工作压力": 3, "组织认同": 3, "工作生活平衡": 3}, {"工作满意度": 4, "人际关系": 4, "工作感受": 2, "薪酬福利": 5, "职业发展": 3, "工作压力": 4, "组织认同": 2, "工作生活平衡": 2}, {"工作满意度": 2, "人际关系": 3, "工作感受": 3, "薪酬福利": 3, "职业发展": 3, "工作压力": 3, "组织认同": 2, "工作生活平衡": 3}, {"工作满意度": 3, "人际关系": 4, "工作感受": 2, "薪酬福利": 3, "职业发展": 2, "工作压力": 4, "组织认同": 2, "工作生活平衡": 3}, {"工作满意度": 2, "人际关系": 2, "工作感受": 2, "薪酬福利": 4, "职业发展": 2, "工作压力": 4, "组织认同": 3, "工作生活平衡": 4}, {"工作满意度": 4, "人际关系": 4, "工作感受": 2, "薪酬福利": 4, "职业发展": 4, "工作压力": 3, "组织认同": 4, "工作生活平衡": 4}, {"工作满意度": 3, "人际关系": 3, "工作感受": 2, "薪酬福利": 3, "职业发展": 4, "工作压力": 2, "组织认同": 3, "工作生活平衡": 3}, {"工作满意度": 3, "人际关系": 4, "工作感受": 3, "薪酬福利": 3, "职业发展": 3, "工作压力": 4, "组织认同": 4, "工作生活平衡": 3}, {"工作满意度": 4, "人际关系": 4, "工作感受": 3, "薪酬福利": 4, "职业发展": 3, "工作压力": 4, "组织认同": 3, "工作生活平衡": 2}, {"工作满意度": 3, "人际关系": 3, "工作感受": 2, "薪酬福利": 2, "职业发展": 3, "工作压力": 3, "组织认同": 1, "工作生活平衡": 3}, {"工作满意度": 3, "人际关系": 3, "工作感受": 2, "薪酬福利": 4, "职业发展": 2, "工作压力": 3, "组织认同": 3, "工作生活平衡": 4}, {"工作满意度": 2, "人际关系": 3, "工作感受": 3, "薪酬福利": 4, "职业发展": 3, "工作压力": 3, "组织认同": 1, "工作生活平衡": 3}, {"工作满意度": 4, "人际关系": 4, "工作感受": 4, "薪酬福利": 3, "职业发展": 3, "工作压力": 3, "组织认同": 5, "工作生活平衡": 3}, {"工作满意度": 3, "人际关系": 5, "工作感受": 3, "薪酬福利": 3, "职业发展": 3, "工作压力": 2, "组织认同": 3, "工作生活平衡": 3}, {"工作满意度": 4, "人际关系": 3, "工作感受": 4, "薪酬福利": 4, "职业发展": 3, "工作压力": 3, "组织认同": 2, "工作生活平衡": 3}, {"工作满意度": 3, "人际关系": 3, "工作感受": 2, "薪酬福利": 3, "职业发展": 3, "工作压力": 4, "组织认同": 4, "工作生活平衡": 2}, {"工作满意度": 3, "人际关系": 1, "工作感受": 4, "薪酬福利": 3, "职业发展": 3, "工作压力": 3, "组织认同": 4, "工作生活平衡": 4}, {"工作满意度": 4, "人际关系": 3, "工作感受": 3, "薪酬福利": 3, "职业发展": 4, "工作压力": 2, "组织认同": 2, "工作生活平衡": 3}, {"工作满意度": 1, "人际关系": 3, "工作感受": 3, "薪酬福利": 3, "职业发展": 2, "工作压力": 3, "组织认同": 1, "工作生活平衡": 3}, {"工作满意度": 4, "人际关系": 3, "工作感受": 3, "薪酬福利": 4, "职业发展": 5, "工作压力": 3, "组织认同": 3, "工作生活平衡": 1}, {"工作满意度": 3, "人际关系": 3, "工作感受": 2, "薪酬福利": 4, "职业发展": 3, "工作压力": 2, "组织认同": 2, "工作生活平衡": 4}, {"工作满意度": 4, "人际关系": 3, "工作感受": 3, "薪酬福利": 4, "职业发展": 3, "工作压力": 3, "组织认同": 3, "工作生活平衡": 3}, {"工作满意度": 2, "人际关系": 3, "工作感受": 2, "薪酬福利": 3, "职业发展": 2, "工作压力": 3, "组织认同": 3, "工作生活平衡": 2}, {"工作满意度": 3, "人际关系": 2, "工作感受": 3, "薪酬福利": 3, "职业发展": 3, "工作压力": 3, "组织认同": 2, "工作生活平衡": 2}, {"工作满意度": 2, "人际关系": 3, "工作感受": 2, "薪酬福利": 3, "职业发展": 2, "工作压力": 3, "组织认同": 3, "工作生活平衡": 3}, {"工作满意度": 4, "人际关系": 3, "工作感受": 2, "薪酬福利": 4, "职业发展": 3, "工作压力": 4, "组织认同": 4, "工作生活平衡": 3}, {"工作满意度": 3, "人际关系": 4, "工作感受": 3, "薪酬福利": 4, "职业发展": 3, "工作压力": 3, "组织认同": 3, "工作生活平衡": 3}, {"工作满意度": 2, "人际关系": 4, "工作感受": 3, "薪酬福利": 3, "职业发展": 3, "工作压力": 5, "组织认同": 2, "工作生活平衡": 1}, {"工作满意度": 2, "人际关系": 3, "工作感受": 3, "薪酬福利": 2, "职业发展": 1, "工作压力": 4, "组织认同": 3, "工作生活平衡": 4}, {"工作满意度": 4, "人际关系": 4, "工作感受": 3, "薪酬福利": 2, "职业发展": 4, "工作压力": 3, "组织认同": 3, "工作生活平衡": 3}, {"工作满意度": 3, "人际关系": 3, "工作感受": 5, "薪酬福利": 3, "职业发展": 4, "工作压力": 4, "组织认同": 2, "工作生活平衡": 1}, {"工作满意度": 4, "人际关系": 2, "工作感受": 3, "薪酬福利": 3, "职业发展": 3, "工作压力": 4, "组织认同": 2, "工作生活平衡": 3}, {"工作满意度": 3, "人际关系": 4, "工作感受": 3, "薪酬福利": 4, "职业发展": 3, "工作压力": 2, "组织认同": 3, "工作生活平衡": 3}, {"工作满意度": 4, "人际关系": 5, "工作感受": 2, "薪酬福利": 3, "职业发展": 3, "工作压力": 4, "组织认同": 3, "工作生活平衡": 4}, {"工作满意度": 2, "人际关系": 2, "工作感受": 3, "薪酬福利": 4, "职业发展": 2, "工作压力": 2, "组织认同": 3, "工作生活平衡": 4}, {"工作满意度": 4, "人际关系": 3, "工作感受": 2, "薪酬福利": 3, "职业发展": 3, "工作压力": 2, "组织认同": 3, "工作生活平衡": 5}, {"工作满意度": 4, "人际关系": 2, "工作感受": 3, "薪酬福利": 3, "职业发展": 3, "工作压力": 2, "组织认同": 3, "工作生活平衡": 3}, {"工作满意度": 4, "人际关系": 4, "工作感受": 3, "薪酬福利": 3, "职业发展": 4, "工作压力": 4, "组织认同": 2, "工作生活平衡": 4}, {"工作满意度": 2, "人际关系": 4, "工作感受": 3, "薪酬福利": 2, "职业发展": 3, "工作压力": 5, "组织认同": 3, "工作生活平衡": 4}, {"工作满意度": 3, "人际关系": 2, "工作感受": 2, "薪酬福利": 1, "职业发展": 3, "工作压力": 4, "组织认同": 3, "工作生活平衡": 3}, {"工作满意度": 5, "人际关系": 3, "工作感受": 3, "薪酬福利": 3, "职业发展": 2, "工作压力": 2, "组织认同": 2, "工作生活平衡": 3}, {"工作满意度": 3, "人际关系": 3, "工作感受": 2, "薪酬福利": 3, "职业发展": 5, "工作压力": 4, "组织认同": 3, "工作生活平衡": 4}, {"工作满意度": 2, "人际关系": 4, "工作感受": 3, "薪酬福利": 4, "职业发展": 2, "工作压力": 4, "组织认同": 3, "工作生活平衡": 3}, {"工作满意度": 3, "人际关系": 2, "工作感受": 4, "薪酬福利": 4, "职业发展": 4, "工作压力": 4, "组织认同": 4, "工作生活平衡": 4}, {"工作满意度": 2, "人际关系": 3, "工作感受": 3, "薪酬福利": 3, "职业发展": 1, "工作压力": 4, "组织认同": 3, "工作生活平衡": 4}, {"工作满意度": 3, "人际关系": 2, "工作感受": 2, "薪酬福利": 4, "职业发展": 3, "工作压力": 3, "组织认同": 3, "工作生活平衡": 2}, {"工作满意度": 4, "人际关系": 3, "工作感受": 3, "薪酬福利": 1, "职业发展": 3, "工作压力": 3, "组织认同": 2, "工作生活平衡": 2}, {"工作满意度": 4, "人际关系": 3, "工作感受": 3, "薪酬福利": 3, "职业发展": 4, "工作压力": 4, "组织认同": 4, "工作生活平衡": 3}, {"工作满意度": 3, "人际关系": 3, "工作感受": 3, "薪酬福利": 3, "职业发展": 3, "工作压力": 3, "组织认同": 4, "工作生活平衡": 3}, {"工作满意度": 2, "人际关系": 2, "工作感受": 2, "薪酬福利": 3, "职业发展": 1, "工作压力": 4, "组织认同": 2, "工作生活平衡": 3}, {"工作满意度": 3, "人际关系": 4, "工作感受": 4, "薪酬福利": 2, "职业发展": 2, "工作压力": 4, "组织认同": 3, "工作生活平衡": 3}, {"工作满意度": 4, "人际关系": 3, "工作感受": 1, "薪酬福利": 2, "职业发展": 2, "工作压力": 4, "组织认同": 3, "工作生活平衡": 1}, {"工作满意度": 2, "人际关系": 3, "工作感受": 2, "薪酬福利": 3, "职业发展": 3, "工作压力": 3, "组织认同": 3, "工作生活平衡": 4}, {"工作满意度": 2, "人际关系": 4, "工作感受": 3, "薪酬福利": 3, "职业发展": 3, "工作压力": 3, "组织认同": 3, "工作生活平衡": 3}, {"工作满意度": 3, "人际关系": 3, "工作感受": 3, "薪酬福利": 3, "职业发展": 2, "工作压力": 3, "组织认同": 4, "工作生活平衡": 2}, {"工作满意度": 3, "人际关系": 4, "工作感受": 1, "薪酬福利": 3, "职业发展": 4, "工作压力": 4, "组织认同": 3, "工作生活平衡": 4}, {"工作满意度": 2, "人际关系": 4, "工作感受": 3, "薪酬福利": 4, "职业发展": 4, "工作压力": 4, "组织认同": 3, "工作生活平衡": 2}, {"工作满意度": 4, "人际关系": 3, "工作感受": 3, "薪酬福利": 4, "职业发展": 4, "工作压力": 3, "组织认同": 4, "工作生活平衡": 1}, {"工作满意度": 4, "人际关系": 3, "工作感受": 2, "薪酬福利": 3, "职业发展": 4, "工作压力": 2, "组织认同": 4, "工作生活平衡": 4}, {"工作满意度": 2, "人际关系": 3, "工作感受": 3, "薪酬福利": 4, "职业发展": 4, "工作压力": 4, "组织认同": 3, "工作生活平衡": 2}, {"工作满意度": 2, "人际关系": 4, "工作感受": 2, "薪酬福利": 4, "职业发展": 3, "工作压力": 4, "组织认同": 2, "工作生活平衡": 3}, {"工作满意度": 3, "人际关系": 4, "工作感受": 3, "薪酬福利": 4, "职业发展": 4, "工作压力": 3, "组织认同": 3, "工作生活平衡": 3}, {"工作满意度": 3, "人际关系": 4, "工作感受": 4, "薪酬福利": 3, "职业发展": 3, "工作压力": 3, "组织认同": 2, "工作生活平衡": 3}, {"工作满意度": 2, "人际关系": 3, "工作感受": 3, "薪酬福利": 3, "职业发展": 3, "工作压力": 3, "组织认同": 2, "工作生活平衡": 2}, {"工作满意度": 3, "人际关系": 4, "工作感受": 2, "薪酬福利": 3, "职业发展": 4, "工作压力": 4, "组织认同": 3, "工作生活平衡": 4}, {"工作满意度": 3, "人际关系": 4, "工作感受": 4, "薪酬福利": 3, "职业发展": 5, "工作压力": 4, "组织认同": 2, "工作生活平衡": 2}, {"工作满意度": 3, "人际关系": 3, "工作感受": 3, "薪酬福利": 3, "职业发展": 3, "工作压力": 3, "组织认同": 4, "工作生活平衡": 3}]', '2026-07-10T08:48:42.028617+00');
INSERT INTO datasets (id, simulation_config_id, project_id, sample_size, columns, data, created_at) VALUES ('481426f2-5abb-4f77-a901-4f08ca9f63d5', '814fc60b-c1f9-405f-bb95-f2150768470a', 'a425e249-9f93-43b8-9c69-188866f4c163', 200, '["工作满意度", "人际关系", "工作条件", "薪酬福利", "职业发展", "工作压力", "组织认同", "工作生活平衡"]', '[{"工作满意度": 3, "人际关系": 4, "工作条件": 2, "薪酬福利": 2, "职业发展": 3, "工作压力": 2, "组织认同": 2, "工作生活平衡": 4}, {"工作满意度": 3, "人际关系": 3, "工作条件": 3, "薪酬福利": 2, "职业发展": 3, "工作压力": 3, "组织认同": 3, "工作生活平衡": 3}, {"工作满意度": 3, "人际关系": 4, "工作条件": 3, "薪酬福利": 3, "职业发展": 2, "工作压力": 2, "组织认同": 3, "工作生活平衡": 3}, {"工作满意度": 3, "人际关系": 3, "工作条件": 3, "薪酬福利": 2, "职业发展": 3, "工作压力": 2, "组织认同": 3, "工作生活平衡": 2}, {"工作满意度": 3, "人际关系": 4, "工作条件": 3, "薪酬福利": 2, "职业发展": 4, "工作压力": 3, "组织认同": 3, "工作生活平衡": 3}, {"工作满意度": 3, "人际关系": 3, "工作条件": 3, "薪酬福利": 3, "职业发展": 3, "工作压力": 3, "组织认同": 2, "工作生活平衡": 2}, {"工作满意度": 3, "人际关系": 3, "工作条件": 2, "薪酬福利": 2, "职业发展": 3, "工作压力": 3, "组织认同": 2, "工作生活平衡": 3}, {"工作满意度": 4, "人际关系": 2, "工作条件": 2, "薪酬福利": 3, "职业发展": 5, "工作压力": 4, "组织认同": 2, "工作生活平衡": 2}, {"工作满意度": 3, "人际关系": 3, "工作条件": 3, "薪酬福利": 3, "职业发展": 3, "工作压力": 4, "组织认同": 2, "工作生活平衡": 2}, {"工作满意度": 4, "人际关系": 3, "工作条件": 2, "薪酬福利": 3, "职业发展": 4, "工作压力": 3, "组织认同": 3, "工作生活平衡": 2}, {"工作满意度": 3, "人际关系": 2, "工作条件": 3, "薪酬福利": 3, "职业发展": 3, "工作压力": 3, "组织认同": 2, "工作生活平衡": 3}, {"工作满意度": 3, "人际关系": 3, "工作条件": 3, "薪酬福利": 3, "职业发展": 3, "工作压力": 4, "组织认同": 3, "工作生活平衡": 3}, {"工作满意度": 4, "人际关系": 3, "工作条件": 3, "薪酬福利": 3, "职业发展": 3, "工作压力": 3, "组织认同": 4, "工作生活平衡": 3}, {"工作满意度": 4, "人际关系": 4, "工作条件": 3, "薪酬福利": 4, "职业发展": 4, "工作压力": 3, "组织认同": 2, "工作生活平衡": 2}, {"工作满意度": 3, "人际关系": 3, "工作条件": 3, "薪酬福利": 3, "职业发展": 3, "工作压力": 2, "组织认同": 3, "工作生活平衡": 3}, {"工作满意度": 4, "人际关系": 4, "工作条件": 3, "薪酬福利": 2, "职业发展": 4, "工作压力": 3, "组织认同": 3, "工作生活平衡": 2}, {"工作满意度": 3, "人际关系": 3, "工作条件": 4, "薪酬福利": 4, "职业发展": 3, "工作压力": 3, "组织认同": 3, "工作生活平衡": 3}, {"工作满意度": 2, "人际关系": 5, "工作条件": 3, "薪酬福利": 1, "职业发展": 4, "工作压力": 5, "组织认同": 3, "工作生活平衡": 2}, {"工作满意度": 4, "人际关系": 3, "工作条件": 4, "薪酬福利": 3, "职业发展": 3, "工作压力": 3, "组织认同": 3, "工作生活平衡": 2}, {"工作满意度": 4, "人际关系": 3, "工作条件": 4, "薪酬福利": 2, "职业发展": 4, "工作压力": 3, "组织认同": 4, "工作生活平衡": 3}, {"工作满意度": 3, "人际关系": 5, "工作条件": 3, "薪酬福利": 3, "职业发展": 2, "工作压力": 3, "组织认同": 4, "工作生活平衡": 3}, {"工作满意度": 3, "人际关系": 3, "工作条件": 3, "薪酬福利": 3, "职业发展": 4, "工作压力": 3, "组织认同": 2, "工作生活平衡": 3}, {"工作满意度": 2, "人际关系": 3, "工作条件": 4, "薪酬福利": 2, "职业发展": 2, "工作压力": 4, "组织认同": 2, "工作生活平衡": 2}, {"工作满意度": 3, "人际关系": 2, "工作条件": 1, "薪酬福利": 3, "职业发展": 2, "工作压力": 4, "组织认同": 3, "工作生活平衡": 2}, {"工作满意度": 4, "人际关系": 3, "工作条件": 3, "薪酬福利": 4, "职业发展": 4, "工作压力": 4, "组织认同": 2, "工作生活平衡": 2}, {"工作满意度": 3, "人际关系": 3, "工作条件": 2, "薪酬福利": 2, "职业发展": 4, "工作压力": 4, "组织认同": 2, "工作生活平衡": 3}, {"工作满意度": 3, "人际关系": 4, "工作条件": 3, "薪酬福利": 4, "职业发展": 3, "工作压力": 3, "组织认同": 3, "工作生活平衡": 3}, {"工作满意度": 3, "人际关系": 3, "工作条件": 2, "薪酬福利": 3, "职业发展": 3, "工作压力": 4, "组织认同": 2, "工作生活平衡": 2}, {"工作满意度": 3, "人际关系": 4, "工作条件": 2, "薪酬福利": 1, "职业发展": 3, "工作压力": 4, "组织认同": 3, "工作生活平衡": 3}, {"工作满意度": 3, "人际关系": 2, "工作条件": 2, "薪酬福利": 3, "职业发展": 3, "工作压力": 4, "组织认同": 2, "工作生活平衡": 3}, {"工作满意度": 4, "人际关系": 3, "工作条件": 4, "薪酬福利": 5, "职业发展": 4, "工作压力": 3, "组织认同": 2, "工作生活平衡": 2}, {"工作满意度": 1, "人际关系": 3, "工作条件": 4, "薪酬福利": 2, "职业发展": 2, "工作压力": 3, "组织认同": 1, "工作生活平衡": 2}, {"工作满意度": 3, "人际关系": 3, "工作条件": 3, "薪酬福利": 3, "职业发展": 2, "工作压力": 3, "组织认同": 2, "工作生活平衡": 3}, {"工作满意度": 3, "人际关系": 3, "工作条件": 3, "薪酬福利": 3, "职业发展": 3, "工作压力": 4, "组织认同": 2, "工作生活平衡": 2}, {"工作满意度": 3, "人际关系": 4, "工作条件": 1, "薪酬福利": 2, "职业发展": 3, "工作压力": 4, "组织认同": 3, "工作生活平衡": 2}, {"工作满意度": 2, "人际关系": 4, "工作条件": 3, "薪酬福利": 2, "职业发展": 3, "工作压力": 2, "组织认同": 3, "工作生活平衡": 4}, {"工作满意度": 3, "人际关系": 4, "工作条件": 3, "薪酬福利": 3, "职业发展": 4, "工作压力": 3, "组织认同": 2, "工作生活平衡": 2}, {"工作满意度": 3, "人际关系": 3, "工作条件": 4, "薪酬福利": 3, "职业发展": 4, "工作压力": 2, "组织认同": 2, "工作生活平衡": 1}, {"工作满意度": 3, "人际关系": 3, "工作条件": 4, "薪酬福利": 2, "职业发展": 3, "工作压力": 2, "组织认同": 3, "工作生活平衡": 2}, {"工作满意度": 2, "人际关系": 3, "工作条件": 2, "薪酬福利": 2, "职业发展": 2, "工作压力": 3, "组织认同": 2, "工作生活平衡": 2}, {"工作满意度": 2, "人际关系": 4, "工作条件": 4, "薪酬福利": 2, "职业发展": 2, "工作压力": 4, "组织认同": 3, "工作生活平衡": 2}, {"工作满意度": 4, "人际关系": 4, "工作条件": 3, "薪酬福利": 2, "职业发展": 4, "工作压力": 3, "组织认同": 3, "工作生活平衡": 3}, {"工作满意度": 3, "人际关系": 3, "工作条件": 2, "薪酬福利": 2, "职业发展": 3, "工作压力": 4, "组织认同": 3, "工作生活平衡": 3}, {"工作满意度": 2, "人际关系": 2, "工作条件": 3, "薪酬福利": 2, "职业发展": 2, "工作压力": 2, "组织认同": 2, "工作生活平衡": 4}, {"工作满意度": 3, "人际关系": 4, "工作条件": 3, "薪酬福利": 3, "职业发展": 3, "工作压力": 4, "组织认同": 3, "工作生活平衡": 2}, {"工作满意度": 3, "人际关系": 3, "工作条件": 3, "薪酬福利": 3, "职业发展": 2, "工作压力": 4, "组织认同": 3, "工作生活平衡": 3}, {"工作满意度": 3, "人际关系": 3, "工作条件": 3, "薪酬福利": 2, "职业发展": 3, "工作压力": 4, "组织认同": 3, "工作生活平衡": 1}, {"工作满意度": 3, "人际关系": 4, "工作条件": 4, "薪酬福利": 2, "职业发展": 2, "工作压力": 3, "组织认同": 4, "工作生活平衡": 4}, {"工作满意度": 4, "人际关系": 4, "工作条件": 4, "薪酬福利": 3, "职业发展": 4, "工作压力": 3, "组织认同": 3, "工作生活平衡": 3}, {"工作满意度": 3, "人际关系": 4, "工作条件": 3, "薪酬福利": 3, "职业发展": 3, "工作压力": 3, "组织认同": 3, "工作生活平衡": 2}, {"工作满意度": 3, "人际关系": 4, "工作条件": 3, "薪酬福利": 3, "职业发展": 3, "工作压力": 3, "组织认同": 3, "工作生活平衡": 2}, {"工作满意度": 5, "人际关系": 2, "工作条件": 3, "薪酬福利": 5, "职业发展": 3, "工作压力": 2, "组织认同": 3, "工作生活平衡": 4}, {"工作满意度": 3, "人际关系": 3, "工作条件": 3, "薪酬福利": 2, "职业发展": 4, "工作压力": 4, "组织认同": 2, "工作生活平衡": 2}, {"工作满意度": 3, "人际关系": 3, "工作条件": 3, "薪酬福利": 2, "职业发展": 4, "工作压力": 3, "组织认同": 3, "工作生活平衡": 3}, {"工作满意度": 3, "人际关系": 4, "工作条件": 3, "薪酬福利": 3, "职业发展": 3, "工作压力": 2, "组织认同": 3, "工作生活平衡": 4}, {"工作满意度": 3, "人际关系": 4, "工作条件": 2, "薪酬福利": 2, "职业发展": 4, "工作压力": 3, "组织认同": 2, "工作生活平衡": 2}, {"工作满意度": 3, "人际关系": 2, "工作条件": 4, "薪酬福利": 2, "职业发展": 2, "工作压力": 4, "组织认同": 3, "工作生活平衡": 1}, {"工作满意度": 2, "人际关系": 4, "工作条件": 4, "薪酬福利": 3, "职业发展": 3, "工作压力": 3, "组织认同": 2, "工作生活平衡": 3}, {"工作满意度": 4, "人际关系": 4, "工作条件": 4, "薪酬福利": 2, "职业发展": 5, "工作压力": 3, "组织认同": 3, "工作生活平衡": 2}, {"工作满意度": 3, "人际关系": 4, "工作条件": 3, "薪酬福利": 3, "职业发展": 3, "工作压力": 3, "组织认同": 3, "工作生活平衡": 2}, {"工作满意度": 3, "人际关系": 3, "工作条件": 2, "薪酬福利": 3, "职业发展": 4, "工作压力": 4, "组织认同": 2, "工作生活平衡": 2}, {"工作满意度": 4, "人际关系": 4, "工作条件": 3, "薪酬福利": 3, "职业发展": 3, "工作压力": 4, "组织认同": 4, "工作生活平衡": 2}, {"工作满意度": 5, "人际关系": 2, "工作条件": 4, "薪酬福利": 5, "职业发展": 4, "工作压力": 3, "组织认同": 3, "工作生活平衡": 2}, {"工作满意度": 5, "人际关系": 5, "工作条件": 3, "薪酬福利": 3, "职业发展": 4, "工作压力": 4, "组织认同": 5, "工作生活平衡": 4}, {"工作满意度": 3, "人际关系": 4, "工作条件": 3, "薪酬福利": 3, "职业发展": 3, "工作压力": 3, "组织认同": 3, "工作生活平衡": 2}, {"工作满意度": 3, "人际关系": 5, "工作条件": 3, "薪酬福利": 3, "职业发展": 3, "工作压力": 2, "组织认同": 4, "工作生活平衡": 2}, {"工作满意度": 3, "人际关系": 3, "工作条件": 2, "薪酬福利": 3, "职业发展": 3, "工作压力": 5, "组织认同": 2, "工作生活平衡": 2}, {"工作满意度": 4, "人际关系": 2, "工作条件": 2, "薪酬福利": 4, "职业发展": 5, "工作压力": 3, "组织认同": 2, "工作生活平衡": 3}, {"工作满意度": 3, "人际关系": 3, "工作条件": 3, "薪酬福利": 3, "职业发展": 2, "工作压力": 3, "组织认同": 3, "工作生活平衡": 2}, {"工作满意度": 3, "人际关系": 3, "工作条件": 2, "薪酬福利": 3, "职业发展": 4, "工作压力": 5, "组织认同": 2, "工作生活平衡": 2}, {"工作满意度": 3, "人际关系": 3, "工作条件": 3, "薪酬福利": 3, "职业发展": 2, "工作压力": 4, "组织认同": 3, "工作生活平衡": 2}, {"工作满意度": 3, "人际关系": 3, "工作条件": 3, "薪酬福利": 3, "职业发展": 4, "工作压力": 3, "组织认同": 2, "工作生活平衡": 2}, {"工作满意度": 2, "人际关系": 3, "工作条件": 1, "薪酬福利": 2, "职业发展": 3, "工作压力": 4, "组织认同": 2, "工作生活平衡": 3}, {"工作满意度": 3, "人际关系": 2, "工作条件": 3, "薪酬福利": 3, "职业发展": 3, "工作压力": 5, "组织认同": 2, "工作生活平衡": 1}, {"工作满意度": 2, "人际关系": 2, "工作条件": 4, "薪酬福利": 2, "职业发展": 2, "工作压力": 2, "组织认同": 2, "工作生活平衡": 3}, {"工作满意度": 3, "人际关系": 3, "工作条件": 2, "薪酬福利": 3, "职业发展": 2, "工作压力": 3, "组织认同": 3, "工作生活平衡": 3}, {"工作满意度": 5, "人际关系": 2, "工作条件": 3, "薪酬福利": 3, "职业发展": 5, "工作压力": 4, "组织认同": 3, "工作生活平衡": 3}, {"工作满意度": 3, "人际关系": 3, "工作条件": 3, "薪酬福利": 2, "职业发展": 4, "工作压力": 3, "组织认同": 2, "工作生活平衡": 2}, {"工作满意度": 3, "人际关系": 4, "工作条件": 2, "薪酬福利": 2, "职业发展": 4, "工作压力": 2, "组织认同": 2, "工作生活平衡": 3}, {"工作满意度": 3, "人际关系": 3, "工作条件": 3, "薪酬福利": 3, "职业发展": 3, "工作压力": 2, "组织认同": 3, "工作生活平衡": 3}, {"工作满意度": 4, "人际关系": 5, "工作条件": 2, "薪酬福利": 3, "职业发展": 3, "工作压力": 4, "组织认同": 4, "工作生活平衡": 2}, {"工作满意度": 3, "人际关系": 5, "工作条件": 3, "薪酬福利": 3, "职业发展": 2, "工作压力": 3, "组织认同": 3, "工作生活平衡": 2}, {"工作满意度": 3, "人际关系": 4, "工作条件": 2, "薪酬福利": 3, "职业发展": 3, "工作压力": 4, "组织认同": 3, "工作生活平衡": 4}, {"工作满意度": 3, "人际关系": 3, "工作条件": 3, "薪酬福利": 3, "职业发展": 5, "工作压力": 1, "组织认同": 2, "工作生活平衡": 3}, {"工作满意度": 3, "人际关系": 4, "工作条件": 5, "薪酬福利": 3, "职业发展": 3, "工作压力": 2, "组织认同": 3, "工作生活平衡": 2}, {"工作满意度": 2, "人际关系": 4, "工作条件": 2, "薪酬福利": 3, "职业发展": 2, "工作压力": 4, "组织认同": 3, "工作生活平衡": 2}, {"工作满意度": 3, "人际关系": 5, "工作条件": 3, "薪酬福利": 3, "职业发展": 4, "工作压力": 3, "组织认同": 2, "工作生活平衡": 3}, {"工作满意度": 5, "人际关系": 4, "工作条件": 4, "薪酬福利": 4, "职业发展": 4, "工作压力": 3, "组织认同": 3, "工作生活平衡": 3}, {"工作满意度": 3, "人际关系": 2, "工作条件": 4, "薪酬福利": 2, "职业发展": 3, "工作压力": 3, "组织认同": 2, "工作生活平衡": 3}, {"工作满意度": 4, "人际关系": 3, "工作条件": 2, "薪酬福利": 4, "职业发展": 3, "工作压力": 3, "组织认同": 3, "工作生活平衡": 3}, {"工作满意度": 4, "人际关系": 1, "工作条件": 2, "薪酬福利": 4, "职业发展": 3, "工作压力": 4, "组织认同": 2, "工作生活平衡": 2}, {"工作满意度": 4, "人际关系": 4, "工作条件": 4, "薪酬福利": 3, "职业发展": 3, "工作压力": 2, "组织认同": 3, "工作生活平衡": 3}, {"工作满意度": 3, "人际关系": 2, "工作条件": 4, "薪酬福利": 4, "职业发展": 2, "工作压力": 4, "组织认同": 2, "工作生活平衡": 2}, {"工作满意度": 3, "人际关系": 4, "工作条件": 2, "薪酬福利": 2, "职业发展": 3, "工作压力": 4, "组织认同": 3, "工作生活平衡": 2}, {"工作满意度": 4, "人际关系": 4, "工作条件": 1, "薪酬福利": 2, "职业发展": 4, "工作压力": 5, "组织认同": 4, "工作生活平衡": 2}, {"工作满意度": 2, "人际关系": 4, "工作条件": 2, "薪酬福利": 2, "职业发展": 3, "工作压力": 4, "组织认同": 2, "工作生活平衡": 2}, {"工作满意度": 4, "人际关系": 4, "工作条件": 2, "薪酬福利": 2, "职业发展": 4, "工作压力": 5, "组织认同": 4, "工作生活平衡": 2}, {"工作满意度": 4, "人际关系": 3, "工作条件": 2, "薪酬福利": 4, "职业发展": 3, "工作压力": 3, "组织认同": 3, "工作生活平衡": 2}, {"工作满意度": 3, "人际关系": 3, "工作条件": 2, "薪酬福利": 3, "职业发展": 3, "工作压力": 4, "组织认同": 3, "工作生活平衡": 3}, {"工作满意度": 3, "人际关系": 2, "工作条件": 3, "薪酬福利": 3, "职业发展": 3, "工作压力": 3, "组织认同": 2, "工作生活平衡": 1}, {"工作满意度": 4, "人际关系": 3, "工作条件": 4, "薪酬福利": 3, "职业发展": 3, "工作压力": 3, "组织认同": 3, "工作生活平衡": 2}, {"工作满意度": 3, "人际关系": 3, "工作条件": 3, "薪酬福利": 3, "职业发展": 3, "工作压力": 3, "组织认同": 3, "工作生活平衡": 2}, {"工作满意度": 4, "人际关系": 3, "工作条件": 3, "薪酬福利": 3, "职业发展": 2, "工作压力": 4, "组织认同": 3, "工作生活平衡": 3}, {"工作满意度": 4, "人际关系": 5, "工作条件": 3, "薪酬福利": 4, "职业发展": 5, "工作压力": 3, "组织认同": 3, "工作生活平衡": 2}, {"工作满意度": 4, "人际关系": 2, "工作条件": 3, "薪酬福利": 3, "职业发展": 3, "工作压力": 2, "组织认同": 3, "工作生活平衡": 2}, {"工作满意度": 2, "人际关系": 3, "工作条件": 2, "薪酬福利": 2, "职业发展": 1, "工作压力": 3, "组织认同": 3, "工作生活平衡": 1}, {"工作满意度": 4, "人际关系": 3, "工作条件": 3, "薪酬福利": 4, "职业发展": 3, "工作压力": 4, "组织认同": 3, "工作生活平衡": 2}, {"工作满意度": 3, "人际关系": 2, "工作条件": 3, "薪酬福利": 3, "职业发展": 5, "工作压力": 3, "组织认同": 1, "工作生活平衡": 3}, {"工作满意度": 4, "人际关系": 2, "工作条件": 2, "薪酬福利": 3, "职业发展": 4, "工作压力": 3, "组织认同": 2, "工作生活平衡": 2}, {"工作满意度": 3, "人际关系": 2, "工作条件": 3, "薪酬福利": 4, "职业发展": 3, "工作压力": 3, "组织认同": 2, "工作生活平衡": 2}, {"工作满意度": 3, "人际关系": 2, "工作条件": 2, "薪酬福利": 4, "职业发展": 3, "工作压力": 3, "组织认同": 2, "工作生活平衡": 2}, {"工作满意度": 5, "人际关系": 3, "工作条件": 4, "薪酬福利": 4, "职业发展": 4, "工作压力": 2, "组织认同": 4, "工作生活平衡": 4}, {"工作满意度": 3, "人际关系": 4, "工作条件": 3, "薪酬福利": 4, "职业发展": 2, "工作压力": 3, "组织认同": 3, "工作生活平衡": 3}, {"工作满意度": 4, "人际关系": 3, "工作条件": 2, "薪酬福利": 4, "职业发展": 4, "工作压力": 5, "组织认同": 2, "工作生活平衡": 2}, {"工作满意度": 3, "人际关系": 4, "工作条件": 4, "薪酬福利": 2, "职业发展": 2, "工作压力": 3, "组织认同": 3, "工作生活平衡": 2}, {"工作满意度": 3, "人际关系": 3, "工作条件": 3, "薪酬福利": 3, "职业发展": 2, "工作压力": 3, "组织认同": 3, "工作生活平衡": 3}, {"工作满意度": 3, "人际关系": 3, "工作条件": 4, "薪酬福利": 2, "职业发展": 3, "工作压力": 3, "组织认同": 3, "工作生活平衡": 2}, {"工作满意度": 4, "人际关系": 4, "工作条件": 3, "薪酬福利": 2, "职业发展": 3, "工作压力": 3, "组织认同": 4, "工作生活平衡": 2}, {"工作满意度": 2, "人际关系": 5, "工作条件": 3, "薪酬福利": 5, "职业发展": 3, "工作压力": 3, "组织认同": 2, "工作生活平衡": 3}, {"工作满意度": 3, "人际关系": 2, "工作条件": 4, "薪酬福利": 2, "职业发展": 3, "工作压力": 3, "组织认同": 3, "工作生活平衡": 3}, {"工作满意度": 2, "人际关系": 3, "工作条件": 3, "薪酬福利": 3, "职业发展": 3, "工作压力": 3, "组织认同": 1, "工作生活平衡": 2}, {"工作满意度": 3, "人际关系": 3, "工作条件": 3, "薪酬福利": 3, "职业发展": 3, "工作压力": 4, "组织认同": 2, "工作生活平衡": 2}, {"工作满意度": 2, "人际关系": 3, "工作条件": 3, "薪酬福利": 3, "职业发展": 4, "工作压力": 3, "组织认同": 1, "工作生活平衡": 2}, {"工作满意度": 3, "人际关系": 2, "工作条件": 3, "薪酬福利": 3, "职业发展": 4, "工作压力": 3, "组织认同": 2, "工作生活平衡": 2}, {"工作满意度": 2, "人际关系": 3, "工作条件": 3, "薪酬福利": 2, "职业发展": 2, "工作压力": 4, "组织认同": 2, "工作生活平衡": 1}, {"工作满意度": 3, "人际关系": 3, "工作条件": 3, "薪酬福利": 2, "职业发展": 3, "工作压力": 2, "组织认同": 3, "工作生活平衡": 2}, {"工作满意度": 3, "人际关系": 3, "工作条件": 3, "薪酬福利": 2, "职业发展": 5, "工作压力": 4, "组织认同": 1, "工作生活平衡": 3}, {"工作满意度": 3, "人际关系": 3, "工作条件": 3, "薪酬福利": 2, "职业发展": 3, "工作压力": 3, "组织认同": 3, "工作生活平衡": 2}, {"工作满意度": 5, "人际关系": 2, "工作条件": 3, "薪酬福利": 4, "职业发展": 5, "工作压力": 2, "组织认同": 3, "工作生活平衡": 2}, {"工作满意度": 4, "人际关系": 3, "工作条件": 3, "薪酬福利": 3, "职业发展": 4, "工作压力": 3, "组织认同": 3, "工作生活平衡": 2}, {"工作满意度": 4, "人际关系": 4, "工作条件": 2, "薪酬福利": 3, "职业发展": 4, "工作压力": 4, "组织认同": 3, "工作生活平衡": 3}, {"工作满意度": 4, "人际关系": 2, "工作条件": 4, "薪酬福利": 3, "职业发展": 3, "工作压力": 4, "组织认同": 3, "工作生活平衡": 2}, {"工作满意度": 3, "人际关系": 3, "工作条件": 3, "薪酬福利": 2, "职业发展": 3, "工作压力": 4, "组织认同": 3, "工作生活平衡": 2}, {"工作满意度": 4, "人际关系": 3, "工作条件": 4, "薪酬福利": 3, "职业发展": 4, "工作压力": 3, "组织认同": 3, "工作生活平衡": 2}, {"工作满意度": 3, "人际关系": 2, "工作条件": 5, "薪酬福利": 3, "职业发展": 3, "工作压力": 3, "组织认同": 3, "工作生活平衡": 2}, {"工作满意度": 3, "人际关系": 4, "工作条件": 3, "薪酬福利": 3, "职业发展": 3, "工作压力": 4, "组织认同": 3, "工作生活平衡": 3}, {"工作满意度": 3, "人际关系": 3, "工作条件": 4, "薪酬福利": 3, "职业发展": 3, "工作压力": 3, "组织认同": 2, "工作生活平衡": 2}, {"工作满意度": 2, "人际关系": 3, "工作条件": 3, "薪酬福利": 2, "职业发展": 2, "工作压力": 4, "组织认同": 2, "工作生活平衡": 1}, {"工作满意度": 4, "人际关系": 3, "工作条件": 3, "薪酬福利": 4, "职业发展": 3, "工作压力": 3, "组织认同": 3, "工作生活平衡": 1}, {"工作满意度": 4, "人际关系": 4, "工作条件": 4, "薪酬福利": 3, "职业发展": 4, "工作压力": 3, "组织认同": 3, "工作生活平衡": 2}, {"工作满意度": 3, "人际关系": 3, "工作条件": 3, "薪酬福利": 3, "职业发展": 3, "工作压力": 3, "组织认同": 2, "工作生活平衡": 2}, {"工作满意度": 3, "人际关系": 2, "工作条件": 4, "薪酬福利": 3, "职业发展": 3, "工作压力": 2, "组织认同": 3, "工作生活平衡": 4}, {"工作满意度": 3, "人际关系": 4, "工作条件": 4, "薪酬福利": 3, "职业发展": 4, "工作压力": 4, "组织认同": 2, "工作生活平衡": 2}, {"工作满意度": 3, "人际关系": 3, "工作条件": 3, "薪酬福利": 3, "职业发展": 2, "工作压力": 4, "组织认同": 3, "工作生活平衡": 2}, {"工作满意度": 3, "人际关系": 3, "工作条件": 4, "薪酬福利": 2, "职业发展": 2, "工作压力": 4, "组织认同": 3, "工作生活平衡": 3}, {"工作满意度": 4, "人际关系": 3, "工作条件": 2, "薪酬福利": 4, "职业发展": 3, "工作压力": 2, "组织认同": 3, "工作生活平衡": 3}, {"工作满意度": 3, "人际关系": 3, "工作条件": 3, "薪酬福利": 4, "职业发展": 3, "工作压力": 3, "组织认同": 2, "工作生活平衡": 3}, {"工作满意度": 4, "人际关系": 3, "工作条件": 3, "薪酬福利": 2, "职业发展": 3, "工作压力": 4, "组织认同": 3, "工作生活平衡": 3}, {"工作满意度": 3, "人际关系": 3, "工作条件": 4, "薪酬福利": 3, "职业发展": 3, "工作压力": 2, "组织认同": 3, "工作生活平衡": 2}, {"工作满意度": 3, "人际关系": 4, "工作条件": 1, "薪酬福利": 1, "职业发展": 4, "工作压力": 3, "组织认同": 3, "工作生活平衡": 2}, {"工作满意度": 4, "人际关系": 4, "工作条件": 3, "薪酬福利": 3, "职业发展": 4, "工作压力": 3, "组织认同": 3, "工作生活平衡": 3}, {"工作满意度": 1, "人际关系": 3, "工作条件": 3, "薪酬福利": 2, "职业发展": 2, "工作压力": 5, "组织认同": 2, "工作生活平衡": 3}, {"工作满意度": 4, "人际关系": 3, "工作条件": 4, "薪酬福利": 2, "职业发展": 4, "工作压力": 1, "组织认同": 4, "工作生活平衡": 3}, {"工作满意度": 4, "人际关系": 4, "工作条件": 3, "薪酬福利": 3, "职业发展": 3, "工作压力": 4, "组织认同": 3, "工作生活平衡": 2}, {"工作满意度": 4, "人际关系": 3, "工作条件": 3, "薪酬福利": 3, "职业发展": 3, "工作压力": 3, "组织认同": 4, "工作生活平衡": 2}, {"工作满意度": 2, "人际关系": 4, "工作条件": 4, "薪酬福利": 2, "职业发展": 1, "工作压力": 3, "组织认同": 3, "工作生活平衡": 3}, {"工作满意度": 3, "人际关系": 4, "工作条件": 3, "薪酬福利": 2, "职业发展": 3, "工作压力": 3, "组织认同": 3, "工作生活平衡": 4}, {"工作满意度": 2, "人际关系": 4, "工作条件": 3, "薪酬福利": 3, "职业发展": 2, "工作压力": 3, "组织认同": 3, "工作生活平衡": 2}, {"工作满意度": 3, "人际关系": 3, "工作条件": 3, "薪酬福利": 3, "职业发展": 3, "工作压力": 3, "组织认同": 3, "工作生活平衡": 2}, {"工作满意度": 4, "人际关系": 2, "工作条件": 3, "薪酬福利": 3, "职业发展": 3, "工作压力": 3, "组织认同": 3, "工作生活平衡": 2}, {"工作满意度": 2, "人际关系": 2, "工作条件": 5, "薪酬福利": 2, "职业发展": 3, "工作压力": 2, "组织认同": 2, "工作生活平衡": 3}, {"工作满意度": 2, "人际关系": 3, "工作条件": 2, "薪酬福利": 3, "职业发展": 3, "工作压力": 4, "组织认同": 1, "工作生活平衡": 2}, {"工作满意度": 4, "人际关系": 4, "工作条件": 3, "薪酬福利": 4, "职业发展": 4, "工作压力": 2, "组织认同": 3, "工作生活平衡": 3}, {"工作满意度": 3, "人际关系": 2, "工作条件": 3, "薪酬福利": 2, "职业发展": 4, "工作压力": 2, "组织认同": 2, "工作生活平衡": 5}, {"工作满意度": 3, "人际关系": 3, "工作条件": 3, "薪酬福利": 2, "职业发展": 4, "工作压力": 4, "组织认同": 3, "工作生活平衡": 3}, {"工作满意度": 4, "人际关系": 3, "工作条件": 3, "薪酬福利": 4, "职业发展": 2, "工作压力": 3, "组织认同": 3, "工作生活平衡": 3}, {"工作满意度": 4, "人际关系": 2, "工作条件": 3, "薪酬福利": 4, "职业发展": 3, "工作压力": 3, "组织认同": 2, "工作生活平衡": 2}, {"工作满意度": 3, "人际关系": 4, "工作条件": 2, "薪酬福利": 2, "职业发展": 2, "工作压力": 4, "组织认同": 3, "工作生活平衡": 3}, {"工作满意度": 4, "人际关系": 4, "工作条件": 2, "薪酬福利": 4, "职业发展": 3, "工作压力": 5, "组织认同": 3, "工作生活平衡": 1}, {"工作满意度": 4, "人际关系": 5, "工作条件": 2, "薪酬福利": 3, "职业发展": 3, "工作压力": 4, "组织认同": 4, "工作生活平衡": 3}, {"工作满意度": 4, "人际关系": 2, "工作条件": 3, "薪酬福利": 3, "职业发展": 5, "工作压力": 4, "组织认同": 2, "工作生活平衡": 2}, {"工作满意度": 2, "人际关系": 3, "工作条件": 3, "薪酬福利": 3, "职业发展": 4, "工作压力": 4, "组织认同": 1, "工作生活平衡": 2}, {"工作满意度": 2, "人际关系": 5, "工作条件": 3, "薪酬福利": 2, "职业发展": 4, "工作压力": 3, "组织认同": 2, "工作生活平衡": 2}, {"工作满意度": 4, "人际关系": 5, "工作条件": 3, "薪酬福利": 4, "职业发展": 3, "工作压力": 3, "组织认同": 4, "工作生活平衡": 3}, {"工作满意度": 4, "人际关系": 3, "工作条件": 3, "薪酬福利": 2, "职业发展": 5, "工作压力": 3, "组织认同": 2, "工作生活平衡": 2}, {"工作满意度": 2, "人际关系": 2, "工作条件": 3, "薪酬福利": 3, "职业发展": 2, "工作压力": 3, "组织认同": 2, "工作生活平衡": 3}, {"工作满意度": 4, "人际关系": 2, "工作条件": 2, "薪酬福利": 1, "职业发展": 4, "工作压力": 3, "组织认同": 3, "工作生活平衡": 2}, {"工作满意度": 2, "人际关系": 3, "工作条件": 2, "薪酬福利": 2, "职业发展": 2, "工作压力": 4, "组织认同": 2, "工作生活平衡": 2}, {"工作满意度": 3, "人际关系": 4, "工作条件": 4, "薪酬福利": 2, "职业发展": 3, "工作压力": 3, "组织认同": 3, "工作生活平衡": 3}, {"工作满意度": 3, "人际关系": 5, "工作条件": 3, "薪酬福利": 3, "职业发展": 4, "工作压力": 2, "组织认同": 2, "工作生活平衡": 4}, {"工作满意度": 4, "人际关系": 2, "工作条件": 3, "薪酬福利": 2, "职业发展": 5, "工作压力": 2, "组织认同": 3, "工作生活平衡": 2}, {"工作满意度": 3, "人际关系": 3, "工作条件": 3, "薪酬福利": 3, "职业发展": 4, "工作压力": 2, "组织认同": 3, "工作生活平衡": 2}, {"工作满意度": 1, "人际关系": 4, "工作条件": 3, "薪酬福利": 2, "职业发展": 2, "工作压力": 4, "组织认同": 2, "工作生活平衡": 2}, {"工作满意度": 2, "人际关系": 2, "工作条件": 2, "薪酬福利": 4, "职业发展": 3, "工作压力": 3, "组织认同": 1, "工作生活平衡": 3}, {"工作满意度": 3, "人际关系": 4, "工作条件": 5, "薪酬福利": 3, "职业发展": 3, "工作压力": 2, "组织认同": 2, "工作生活平衡": 3}, {"工作满意度": 3, "人际关系": 4, "工作条件": 3, "薪酬福利": 3, "职业发展": 3, "工作压力": 3, "组织认同": 2, "工作生活平衡": 2}, {"工作满意度": 3, "人际关系": 3, "工作条件": 3, "薪酬福利": 3, "职业发展": 4, "工作压力": 3, "组织认同": 2, "工作生活平衡": 3}, {"工作满意度": 3, "人际关系": 4, "工作条件": 3, "薪酬福利": 3, "职业发展": 2, "工作压力": 2, "组织认同": 3, "工作生活平衡": 3}, {"工作满意度": 4, "人际关系": 2, "工作条件": 4, "薪酬福利": 4, "职业发展": 4, "工作压力": 3, "组织认同": 2, "工作生活平衡": 1}, {"工作满意度": 3, "人际关系": 1, "工作条件": 4, "薪酬福利": 2, "职业发展": 3, "工作压力": 2, "组织认同": 2, "工作生活平衡": 3}, {"工作满意度": 4, "人际关系": 3, "工作条件": 4, "薪酬福利": 3, "职业发展": 3, "工作压力": 1, "组织认同": 4, "工作生活平衡": 4}, {"工作满意度": 5, "人际关系": 5, "工作条件": 3, "薪酬福利": 3, "职业发展": 4, "工作压力": 3, "组织认同": 4, "工作生活平衡": 2}, {"工作满意度": 3, "人际关系": 2, "工作条件": 4, "薪酬福利": 2, "职业发展": 3, "工作压力": 2, "组织认同": 2, "工作生活平衡": 3}, {"工作满意度": 2, "人际关系": 2, "工作条件": 4, "薪酬福利": 3, "职业发展": 3, "工作压力": 3, "组织认同": 1, "工作生活平衡": 2}, {"工作满意度": 4, "人际关系": 2, "工作条件": 3, "薪酬福利": 3, "职业发展": 3, "工作压力": 3, "组织认同": 3, "工作生活平衡": 3}, {"工作满意度": 3, "人际关系": 3, "工作条件": 3, "薪酬福利": 4, "职业发展": 3, "工作压力": 3, "组织认同": 2, "工作生活平衡": 3}, {"工作满意度": 2, "人际关系": 3, "工作条件": 4, "薪酬福利": 3, "职业发展": 2, "工作压力": 3, "组织认同": 2, "工作生活平衡": 3}, {"工作满意度": 4, "人际关系": 2, "工作条件": 3, "薪酬福利": 3, "职业发展": 4, "工作压力": 3, "组织认同": 2, "工作生活平衡": 1}, {"工作满意度": 3, "人际关系": 2, "工作条件": 4, "薪酬福利": 3, "职业发展": 5, "工作压力": 2, "组织认同": 2, "工作生活平衡": 4}, {"工作满意度": 3, "人际关系": 3, "工作条件": 3, "薪酬福利": 2, "职业发展": 3, "工作压力": 2, "组织认同": 3, "工作生活平衡": 2}]', '2026-07-10T14:57:28.576868+00');
INSERT INTO datasets (id, simulation_config_id, project_id, sample_size, columns, data, created_at) VALUES ('d71bcfc2-a132-4c15-abcf-d708ef157a84', 'e0bfbeca-d683-413c-9416-9a57145a8fe1', 'a425e249-9f93-43b8-9c69-188866f4c163', 200, '["人际关系", "工作条件", "薪酬福利", "职业发展", "工作压力", "组织认同", "工作生活平衡"]', '[{"人际关系": 3, "工作条件": 4, "薪酬福利": 3, "职业发展": 2, "工作压力": 4, "组织认同": 2, "工作生活平衡": 3}, {"人际关系": 3, "工作条件": 3, "薪酬福利": 5, "职业发展": 3, "工作压力": 3, "组织认同": 3, "工作生活平衡": 3}, {"人际关系": 3, "工作条件": 2, "薪酬福利": 3, "职业发展": 3, "工作压力": 2, "组织认同": 2, "工作生活平衡": 3}, {"人际关系": 3, "工作条件": 3, "薪酬福利": 4, "职业发展": 4, "工作压力": 3, "组织认同": 4, "工作生活平衡": 3}, {"人际关系": 4, "工作条件": 3, "薪酬福利": 2, "职业发展": 3, "工作压力": 4, "组织认同": 2, "工作生活平衡": 3}, {"人际关系": 2, "工作条件": 2, "薪酬福利": 3, "职业发展": 3, "工作压力": 3, "组织认同": 2, "工作生活平衡": 2}, {"人际关系": 3, "工作条件": 3, "薪酬福利": 4, "职业发展": 3, "工作压力": 3, "组织认同": 3, "工作生活平衡": 3}, {"人际关系": 3, "工作条件": 3, "薪酬福利": 2, "职业发展": 4, "工作压力": 3, "组织认同": 3, "工作生活平衡": 3}, {"人际关系": 3, "工作条件": 4, "薪酬福利": 4, "职业发展": 4, "工作压力": 5, "组织认同": 3, "工作生活平衡": 3}, {"人际关系": 3, "工作条件": 3, "薪酬福利": 3, "职业发展": 3, "工作压力": 4, "组织认同": 3, "工作生活平衡": 2}, {"人际关系": 2, "工作条件": 3, "薪酬福利": 4, "职业发展": 3, "工作压力": 2, "组织认同": 4, "工作生活平衡": 4}, {"人际关系": 3, "工作条件": 3, "薪酬福利": 3, "职业发展": 3, "工作压力": 4, "组织认同": 3, "工作生活平衡": 3}, {"人际关系": 3, "工作条件": 3, "薪酬福利": 4, "职业发展": 4, "工作压力": 3, "组织认同": 4, "工作生活平衡": 3}, {"人际关系": 3, "工作条件": 3, "薪酬福利": 2, "职业发展": 4, "工作压力": 3, "组织认同": 3, "工作生活平衡": 4}, {"人际关系": 2, "工作条件": 3, "薪酬福利": 4, "职业发展": 2, "工作压力": 3, "组织认同": 3, "工作生活平衡": 3}, {"人际关系": 3, "工作条件": 4, "薪酬福利": 3, "职业发展": 3, "工作压力": 3, "组织认同": 3, "工作生活平衡": 3}, {"人际关系": 3, "工作条件": 3, "薪酬福利": 3, "职业发展": 3, "工作压力": 2, "组织认同": 3, "工作生活平衡": 3}, {"人际关系": 3, "工作条件": 2, "薪酬福利": 4, "职业发展": 3, "工作压力": 2, "组织认同": 3, "工作生活平衡": 3}, {"人际关系": 2, "工作条件": 3, "薪酬福利": 2, "职业发展": 3, "工作压力": 3, "组织认同": 1, "工作生活平衡": 3}, {"人际关系": 2, "工作条件": 3, "薪酬福利": 4, "职业发展": 3, "工作压力": 2, "组织认同": 2, "工作生活平衡": 3}, {"人际关系": 1, "工作条件": 3, "薪酬福利": 3, "职业发展": 3, "工作压力": 3, "组织认同": 2, "工作生活平衡": 3}, {"人际关系": 3, "工作条件": 3, "薪酬福利": 3, "职业发展": 4, "工作压力": 4, "组织认同": 3, "工作生活平衡": 3}, {"人际关系": 3, "工作条件": 3, "薪酬福利": 4, "职业发展": 4, "工作压力": 5, "组织认同": 3, "工作生活平衡": 3}, {"人际关系": 3, "工作条件": 4, "薪酬福利": 4, "职业发展": 4, "工作压力": 4, "组织认同": 4, "工作生活平衡": 2}, {"人际关系": 2, "工作条件": 3, "薪酬福利": 3, "职业发展": 3, "工作压力": 4, "组织认同": 3, "工作生活平衡": 3}, {"人际关系": 3, "工作条件": 3, "薪酬福利": 3, "职业发展": 4, "工作压力": 4, "组织认同": 3, "工作生活平衡": 2}, {"人际关系": 3, "工作条件": 3, "薪酬福利": 4, "职业发展": 3, "工作压力": 4, "组织认同": 3, "工作生活平衡": 3}, {"人际关系": 3, "工作条件": 1, "薪酬福利": 3, "职业发展": 4, "工作压力": 4, "组织认同": 2, "工作生活平衡": 2}, {"人际关系": 3, "工作条件": 3, "薪酬福利": 3, "职业发展": 3, "工作压力": 3, "组织认同": 3, "工作生活平衡": 2}, {"人际关系": 2, "工作条件": 3, "薪酬福利": 2, "职业发展": 3, "工作压力": 3, "组织认同": 2, "工作生活平衡": 3}, {"人际关系": 2, "工作条件": 3, "薪酬福利": 2, "职业发展": 2, "工作压力": 3, "组织认同": 2, "工作生活平衡": 2}, {"人际关系": 2, "工作条件": 2, "薪酬福利": 3, "职业发展": 3, "工作压力": 4, "组织认同": 2, "工作生活平衡": 2}, {"人际关系": 5, "工作条件": 3, "薪酬福利": 3, "职业发展": 2, "工作压力": 4, "组织认同": 3, "工作生活平衡": 3}, {"人际关系": 4, "工作条件": 3, "薪酬福利": 3, "职业发展": 4, "工作压力": 3, "组织认同": 3, "工作生活平衡": 4}, {"人际关系": 3, "工作条件": 4, "薪酬福利": 4, "职业发展": 4, "工作压力": 3, "组织认同": 3, "工作生活平衡": 4}, {"人际关系": 4, "工作条件": 4, "薪酬福利": 5, "职业发展": 2, "工作压力": 3, "组织认同": 3, "工作生活平衡": 4}, {"人际关系": 2, "工作条件": 2, "薪酬福利": 3, "职业发展": 2, "工作压力": 4, "组织认同": 1, "工作生活平衡": 2}, {"人际关系": 3, "工作条件": 4, "薪酬福利": 4, "职业发展": 4, "工作压力": 3, "组织认同": 4, "工作生活平衡": 3}, {"人际关系": 3, "工作条件": 3, "薪酬福利": 3, "职业发展": 3, "工作压力": 4, "组织认同": 3, "工作生活平衡": 3}, {"人际关系": 3, "工作条件": 3, "薪酬福利": 2, "职业发展": 3, "工作压力": 5, "组织认同": 2, "工作生活平衡": 1}, {"人际关系": 3, "工作条件": 4, "薪酬福利": 3, "职业发展": 2, "工作压力": 3, "组织认同": 2, "工作生活平衡": 3}, {"人际关系": 3, "工作条件": 3, "薪酬福利": 3, "职业发展": 3, "工作压力": 3, "组织认同": 3, "工作生活平衡": 3}, {"人际关系": 3, "工作条件": 4, "薪酬福利": 3, "职业发展": 4, "工作压力": 3, "组织认同": 3, "工作生活平衡": 3}, {"人际关系": 3, "工作条件": 4, "薪酬福利": 4, "职业发展": 4, "工作压力": 3, "组织认同": 4, "工作生活平衡": 3}, {"人际关系": 4, "工作条件": 2, "薪酬福利": 4, "职业发展": 3, "工作压力": 4, "组织认同": 3, "工作生活平衡": 2}, {"人际关系": 3, "工作条件": 4, "薪酬福利": 4, "职业发展": 3, "工作压力": 4, "组织认同": 3, "工作生活平衡": 3}, {"人际关系": 4, "工作条件": 3, "薪酬福利": 2, "职业发展": 2, "工作压力": 5, "组织认同": 2, "工作生活平衡": 2}, {"人际关系": 4, "工作条件": 3, "薪酬福利": 3, "职业发展": 4, "工作压力": 4, "组织认同": 4, "工作生活平衡": 3}, {"人际关系": 4, "工作条件": 4, "薪酬福利": 3, "职业发展": 3, "工作压力": 4, "组织认同": 3, "工作生活平衡": 3}, {"人际关系": 2, "工作条件": 2, "薪酬福利": 4, "职业发展": 5, "工作压力": 4, "组织认同": 2, "工作生活平衡": 3}, {"人际关系": 3, "工作条件": 2, "薪酬福利": 4, "职业发展": 3, "工作压力": 4, "组织认同": 3, "工作生活平衡": 2}, {"人际关系": 2, "工作条件": 3, "薪酬福利": 3, "职业发展": 3, "工作压力": 3, "组织认同": 3, "工作生活平衡": 3}, {"人际关系": 3, "工作条件": 3, "薪酬福利": 3, "职业发展": 4, "工作压力": 3, "组织认同": 3, "工作生活平衡": 2}, {"人际关系": 3, "工作条件": 1, "薪酬福利": 3, "职业发展": 2, "工作压力": 4, "组织认同": 2, "工作生活平衡": 2}, {"人际关系": 2, "工作条件": 3, "薪酬福利": 3, "职业发展": 2, "工作压力": 5, "组织认同": 2, "工作生活平衡": 3}, {"人际关系": 4, "工作条件": 4, "薪酬福利": 3, "职业发展": 4, "工作压力": 4, "组织认同": 3, "工作生活平衡": 4}, {"人际关系": 4, "工作条件": 3, "薪酬福利": 4, "职业发展": 3, "工作压力": 3, "组织认同": 3, "工作生活平衡": 3}, {"人际关系": 3, "工作条件": 3, "薪酬福利": 4, "职业发展": 3, "工作压力": 3, "组织认同": 3, "工作生活平衡": 3}, {"人际关系": 2, "工作条件": 3, "薪酬福利": 3, "职业发展": 5, "工作压力": 4, "组织认同": 3, "工作生活平衡": 4}, {"人际关系": 3, "工作条件": 2, "薪酬福利": 4, "职业发展": 2, "工作压力": 3, "组织认同": 2, "工作生活平衡": 2}, {"人际关系": 2, "工作条件": 3, "薪酬福利": 2, "职业发展": 4, "工作压力": 3, "组织认同": 2, "工作生活平衡": 3}, {"人际关系": 2, "工作条件": 2, "薪酬福利": 2, "职业发展": 2, "工作压力": 3, "组织认同": 2, "工作生活平衡": 3}, {"人际关系": 2, "工作条件": 3, "薪酬福利": 2, "职业发展": 3, "工作压力": 3, "组织认同": 2, "工作生活平衡": 2}, {"人际关系": 4, "工作条件": 3, "薪酬福利": 2, "职业发展": 3, "工作压力": 4, "组织认同": 3, "工作生活平衡": 2}, {"人际关系": 3, "工作条件": 2, "薪酬福利": 4, "职业发展": 3, "工作压力": 3, "组织认同": 3, "工作生活平衡": 2}, {"人际关系": 2, "工作条件": 3, "薪酬福利": 4, "职业发展": 4, "工作压力": 4, "组织认同": 3, "工作生活平衡": 3}, {"人际关系": 2, "工作条件": 4, "薪酬福利": 4, "职业发展": 3, "工作压力": 1, "组织认同": 4, "工作生活平衡": 4}, {"人际关系": 3, "工作条件": 3, "薪酬福利": 4, "职业发展": 4, "工作压力": 3, "组织认同": 4, "工作生活平衡": 3}, {"人际关系": 2, "工作条件": 3, "薪酬福利": 4, "职业发展": 1, "工作压力": 4, "组织认同": 2, "工作生活平衡": 2}, {"人际关系": 3, "工作条件": 2, "薪酬福利": 3, "职业发展": 4, "工作压力": 3, "组织认同": 2, "工作生活平衡": 3}, {"人际关系": 2, "工作条件": 3, "薪酬福利": 3, "职业发展": 3, "工作压力": 4, "组织认同": 3, "工作生活平衡": 2}, {"人际关系": 2, "工作条件": 3, "薪酬福利": 4, "职业发展": 2, "工作压力": 3, "组织认同": 3, "工作生活平衡": 4}, {"人际关系": 5, "工作条件": 4, "薪酬福利": 4, "职业发展": 3, "工作压力": 2, "组织认同": 5, "工作生活平衡": 5}, {"人际关系": 3, "工作条件": 3, "薪酬福利": 4, "职业发展": 3, "工作压力": 3, "组织认同": 3, "工作生活平衡": 3}, {"人际关系": 2, "工作条件": 2, "薪酬福利": 3, "职业发展": 4, "工作压力": 4, "组织认同": 2, "工作生活平衡": 2}, {"人际关系": 3, "工作条件": 2, "薪酬福利": 4, "职业发展": 4, "工作压力": 4, "组织认同": 3, "工作生活平衡": 3}, {"人际关系": 2, "工作条件": 3, "薪酬福利": 4, "职业发展": 3, "工作压力": 4, "组织认同": 4, "工作生活平衡": 3}, {"人际关系": 2, "工作条件": 3, "薪酬福利": 4, "职业发展": 3, "工作压力": 2, "组织认同": 3, "工作生活平衡": 4}, {"人际关系": 3, "工作条件": 3, "薪酬福利": 4, "职业发展": 2, "工作压力": 3, "组织认同": 2, "工作生活平衡": 3}, {"人际关系": 2, "工作条件": 3, "薪酬福利": 2, "职业发展": 3, "工作压力": 4, "组织认同": 1, "工作生活平衡": 2}, {"人际关系": 3, "工作条件": 2, "薪酬福利": 3, "职业发展": 4, "工作压力": 3, "组织认同": 3, "工作生活平衡": 3}, {"人际关系": 3, "工作条件": 3, "薪酬福利": 3, "职业发展": 4, "工作压力": 3, "组织认同": 4, "工作生活平衡": 3}, {"人际关系": 3, "工作条件": 3, "薪酬福利": 3, "职业发展": 1, "工作压力": 3, "组织认同": 3, "工作生活平衡": 3}, {"人际关系": 2, "工作条件": 2, "薪酬福利": 5, "职业发展": 3, "工作压力": 3, "组织认同": 3, "工作生活平衡": 4}, {"人际关系": 2, "工作条件": 2, "薪酬福利": 4, "职业发展": 4, "工作压力": 4, "组织认同": 3, "工作生活平衡": 3}, {"人际关系": 3, "工作条件": 4, "薪酬福利": 3, "职业发展": 3, "工作压力": 3, "组织认同": 3, "工作生活平衡": 3}, {"人际关系": 2, "工作条件": 2, "薪酬福利": 3, "职业发展": 2, "工作压力": 3, "组织认同": 2, "工作生活平衡": 2}, {"人际关系": 3, "工作条件": 2, "薪酬福利": 2, "职业发展": 3, "工作压力": 3, "组织认同": 2, "工作生活平衡": 3}, {"人际关系": 2, "工作条件": 3, "薪酬福利": 4, "职业发展": 3, "工作压力": 4, "组织认同": 2, "工作生活平衡": 2}, {"人际关系": 3, "工作条件": 2, "薪酬福利": 4, "职业发展": 4, "工作压力": 3, "组织认同": 3, "工作生活平衡": 4}, {"人际关系": 3, "工作条件": 2, "薪酬福利": 2, "职业发展": 5, "工作压力": 5, "组织认同": 2, "工作生活平衡": 1}, {"人际关系": 4, "工作条件": 3, "薪酬福利": 3, "职业发展": 4, "工作压力": 2, "组织认同": 4, "工作生活平衡": 3}, {"人际关系": 4, "工作条件": 3, "薪酬福利": 3, "职业发展": 4, "工作压力": 2, "组织认同": 3, "工作生活平衡": 3}, {"人际关系": 3, "工作条件": 3, "薪酬福利": 4, "职业发展": 4, "工作压力": 4, "组织认同": 3, "工作生活平衡": 3}, {"人际关系": 1, "工作条件": 3, "薪酬福利": 3, "职业发展": 3, "工作压力": 4, "组织认同": 2, "工作生活平衡": 2}, {"人际关系": 3, "工作条件": 5, "薪酬福利": 3, "职业发展": 3, "工作压力": 2, "组织认同": 4, "工作生活平衡": 4}, {"人际关系": 3, "工作条件": 2, "薪酬福利": 4, "职业发展": 2, "工作压力": 2, "组织认同": 3, "工作生活平衡": 3}, {"人际关系": 4, "工作条件": 3, "薪酬福利": 4, "职业发展": 3, "工作压力": 4, "组织认同": 3, "工作生活平衡": 3}, {"人际关系": 3, "工作条件": 2, "薪酬福利": 3, "职业发展": 4, "工作压力": 4, "组织认同": 2, "工作生活平衡": 2}, {"人际关系": 3, "工作条件": 4, "薪酬福利": 3, "职业发展": 5, "工作压力": 2, "组织认同": 4, "工作生活平衡": 5}, {"人际关系": 2, "工作条件": 2, "薪酬福利": 3, "职业发展": 3, "工作压力": 4, "组织认同": 2, "工作生活平衡": 3}, {"人际关系": 3, "工作条件": 2, "薪酬福利": 3, "职业发展": 3, "工作压力": 3, "组织认同": 2, "工作生活平衡": 3}, {"人际关系": 2, "工作条件": 3, "薪酬福利": 4, "职业发展": 3, "工作压力": 3, "组织认同": 2, "工作生活平衡": 4}, {"人际关系": 1, "工作条件": 2, "薪酬福利": 3, "职业发展": 3, "工作压力": 2, "组织认同": 1, "工作生活平衡": 3}, {"人际关系": 3, "工作条件": 3, "薪酬福利": 4, "职业发展": 3, "工作压力": 2, "组织认同": 3, "工作生活平衡": 4}, {"人际关系": 4, "工作条件": 4, "薪酬福利": 2, "职业发展": 4, "工作压力": 3, "组织认同": 3, "工作生活平衡": 2}, {"人际关系": 3, "工作条件": 2, "薪酬福利": 5, "职业发展": 2, "工作压力": 2, "组织认同": 3, "工作生活平衡": 4}, {"人际关系": 3, "工作条件": 2, "薪酬福利": 4, "职业发展": 4, "工作压力": 2, "组织认同": 4, "工作生活平衡": 3}, {"人际关系": 4, "工作条件": 2, "薪酬福利": 5, "职业发展": 4, "工作压力": 3, "组织认同": 4, "工作生活平衡": 3}, {"人际关系": 2, "工作条件": 3, "薪酬福利": 4, "职业发展": 4, "工作压力": 4, "组织认同": 2, "工作生活平衡": 3}, {"人际关系": 3, "工作条件": 2, "薪酬福利": 3, "职业发展": 2, "工作压力": 5, "组织认同": 2, "工作生活平衡": 2}, {"人际关系": 2, "工作条件": 3, "薪酬福利": 3, "职业发展": 3, "工作压力": 3, "组织认同": 3, "工作生活平衡": 2}, {"人际关系": 3, "工作条件": 3, "薪酬福利": 3, "职业发展": 3, "工作压力": 4, "组织认同": 3, "工作生活平衡": 3}, {"人际关系": 4, "工作条件": 3, "薪酬福利": 3, "职业发展": 5, "工作压力": 2, "组织认同": 4, "工作生活平衡": 3}, {"人际关系": 2, "工作条件": 2, "薪酬福利": 3, "职业发展": 4, "工作压力": 3, "组织认同": 2, "工作生活平衡": 2}, {"人际关系": 2, "工作条件": 2, "薪酬福利": 3, "职业发展": 3, "工作压力": 4, "组织认同": 2, "工作生活平衡": 2}, {"人际关系": 2, "工作条件": 3, "薪酬福利": 3, "职业发展": 3, "工作压力": 3, "组织认同": 2, "工作生活平衡": 3}, {"人际关系": 4, "工作条件": 4, "薪酬福利": 2, "职业发展": 4, "工作压力": 3, "组织认同": 3, "工作生活平衡": 4}, {"人际关系": 4, "工作条件": 2, "薪酬福利": 1, "职业发展": 4, "工作压力": 2, "组织认同": 3, "工作生活平衡": 3}, {"人际关系": 2, "工作条件": 2, "薪酬福利": 4, "职业发展": 3, "工作压力": 2, "组织认同": 3, "工作生活平衡": 3}, {"人际关系": 4, "工作条件": 2, "薪酬福利": 3, "职业发展": 2, "工作压力": 3, "组织认同": 1, "工作生活平衡": 2}, {"人际关系": 3, "工作条件": 3, "薪酬福利": 2, "职业发展": 2, "工作压力": 3, "组织认同": 2, "工作生活平衡": 2}, {"人际关系": 3, "工作条件": 4, "薪酬福利": 3, "职业发展": 3, "工作压力": 4, "组织认同": 3, "工作生活平衡": 3}, {"人际关系": 3, "工作条件": 3, "薪酬福利": 4, "职业发展": 4, "工作压力": 2, "组织认同": 3, "工作生活平衡": 4}, {"人际关系": 3, "工作条件": 2, "薪酬福利": 3, "职业发展": 4, "工作压力": 3, "组织认同": 3, "工作生活平衡": 3}, {"人际关系": 3, "工作条件": 3, "薪酬福利": 4, "职业发展": 4, "工作压力": 2, "组织认同": 4, "工作生活平衡": 4}, {"人际关系": 2, "工作条件": 2, "薪酬福利": 4, "职业发展": 3, "工作压力": 2, "组织认同": 4, "工作生活平衡": 4}, {"人际关系": 3, "工作条件": 3, "薪酬福利": 4, "职业发展": 4, "工作压力": 2, "组织认同": 3, "工作生活平衡": 4}, {"人际关系": 3, "工作条件": 3, "薪酬福利": 3, "职业发展": 4, "工作压力": 2, "组织认同": 3, "工作生活平衡": 3}, {"人际关系": 4, "工作条件": 3, "薪酬福利": 1, "职业发展": 2, "工作压力": 4, "组织认同": 2, "工作生活平衡": 2}, {"人际关系": 4, "工作条件": 3, "薪酬福利": 4, "职业发展": 4, "工作压力": 2, "组织认同": 3, "工作生活平衡": 3}, {"人际关系": 2, "工作条件": 3, "薪酬福利": 3, "职业发展": 4, "工作压力": 4, "组织认同": 3, "工作生活平衡": 2}, {"人际关系": 3, "工作条件": 3, "薪酬福利": 4, "职业发展": 4, "工作压力": 4, "组织认同": 3, "工作生活平衡": 2}, {"人际关系": 4, "工作条件": 2, "薪酬福利": 3, "职业发展": 3, "工作压力": 4, "组织认同": 2, "工作生活平衡": 3}, {"人际关系": 3, "工作条件": 2, "薪酬福利": 4, "职业发展": 3, "工作压力": 4, "组织认同": 3, "工作生活平衡": 2}, {"人际关系": 1, "工作条件": 5, "薪酬福利": 3, "职业发展": 4, "工作压力": 5, "组织认同": 3, "工作生活平衡": 3}, {"人际关系": 2, "工作条件": 3, "薪酬福利": 4, "职业发展": 2, "工作压力": 3, "组织认同": 3, "工作生活平衡": 2}, {"人际关系": 3, "工作条件": 2, "薪酬福利": 3, "职业发展": 4, "工作压力": 4, "组织认同": 3, "工作生活平衡": 2}, {"人际关系": 3, "工作条件": 3, "薪酬福利": 3, "职业发展": 3, "工作压力": 3, "组织认同": 3, "工作生活平衡": 3}, {"人际关系": 2, "工作条件": 3, "薪酬福利": 4, "职业发展": 3, "工作压力": 4, "组织认同": 2, "工作生活平衡": 3}, {"人际关系": 3, "工作条件": 3, "薪酬福利": 3, "职业发展": 2, "工作压力": 3, "组织认同": 2, "工作生活平衡": 3}, {"人际关系": 2, "工作条件": 2, "薪酬福利": 4, "职业发展": 3, "工作压力": 3, "组织认同": 3, "工作生活平衡": 2}, {"人际关系": 3, "工作条件": 3, "薪酬福利": 3, "职业发展": 3, "工作压力": 3, "组织认同": 3, "工作生活平衡": 3}, {"人际关系": 3, "工作条件": 3, "薪酬福利": 4, "职业发展": 3, "工作压力": 3, "组织认同": 3, "工作生活平衡": 3}, {"人际关系": 2, "工作条件": 3, "薪酬福利": 4, "职业发展": 3, "工作压力": 5, "组织认同": 2, "工作生活平衡": 3}, {"人际关系": 3, "工作条件": 3, "薪酬福利": 4, "职业发展": 4, "工作压力": 2, "组织认同": 3, "工作生活平衡": 3}, {"人际关系": 2, "工作条件": 4, "薪酬福利": 3, "职业发展": 4, "工作压力": 4, "组织认同": 3, "工作生活平衡": 3}, {"人际关系": 3, "工作条件": 2, "薪酬福利": 3, "职业发展": 4, "工作压力": 4, "组织认同": 2, "工作生活平衡": 2}, {"人际关系": 3, "工作条件": 3, "薪酬福利": 3, "职业发展": 2, "工作压力": 3, "组织认同": 2, "工作生活平衡": 2}, {"人际关系": 2, "工作条件": 3, "薪酬福利": 3, "职业发展": 3, "工作压力": 3, "组织认同": 2, "工作生活平衡": 3}, {"人际关系": 3, "工作条件": 4, "薪酬福利": 5, "职业发展": 2, "工作压力": 3, "组织认同": 4, "工作生活平衡": 3}, {"人际关系": 3, "工作条件": 2, "薪酬福利": 4, "职业发展": 3, "工作压力": 3, "组织认同": 2, "工作生活平衡": 3}, {"人际关系": 2, "工作条件": 2, "薪酬福利": 5, "职业发展": 3, "工作压力": 3, "组织认同": 3, "工作生活平衡": 3}, {"人际关系": 2, "工作条件": 3, "薪酬福利": 4, "职业发展": 4, "工作压力": 2, "组织认同": 3, "工作生活平衡": 3}, {"人际关系": 4, "工作条件": 3, "薪酬福利": 4, "职业发展": 4, "工作压力": 3, "组织认同": 3, "工作生活平衡": 3}, {"人际关系": 2, "工作条件": 3, "薪酬福利": 4, "职业发展": 3, "工作压力": 3, "组织认同": 3, "工作生活平衡": 4}, {"人际关系": 2, "工作条件": 2, "薪酬福利": 4, "职业发展": 3, "工作压力": 3, "组织认同": 2, "工作生活平衡": 2}, {"人际关系": 3, "工作条件": 2, "薪酬福利": 3, "职业发展": 3, "工作压力": 4, "组织认同": 2, "工作生活平衡": 2}, {"人际关系": 4, "工作条件": 2, "薪酬福利": 4, "职业发展": 2, "工作压力": 2, "组织认同": 4, "工作生活平衡": 4}, {"人际关系": 3, "工作条件": 3, "薪酬福利": 4, "职业发展": 3, "工作压力": 4, "组织认同": 3, "工作生活平衡": 3}, {"人际关系": 2, "工作条件": 3, "薪酬福利": 3, "职业发展": 4, "工作压力": 3, "组织认同": 2, "工作生活平衡": 3}, {"人际关系": 2, "工作条件": 3, "薪酬福利": 3, "职业发展": 4, "工作压力": 3, "组织认同": 2, "工作生活平衡": 3}, {"人际关系": 3, "工作条件": 3, "薪酬福利": 4, "职业发展": 4, "工作压力": 4, "组织认同": 3, "工作生活平衡": 2}, {"人际关系": 3, "工作条件": 3, "薪酬福利": 4, "职业发展": 3, "工作压力": 1, "组织认同": 4, "工作生活平衡": 5}, {"人际关系": 3, "工作条件": 2, "薪酬福利": 4, "职业发展": 3, "工作压力": 4, "组织认同": 2, "工作生活平衡": 2}, {"人际关系": 4, "工作条件": 3, "薪酬福利": 1, "职业发展": 4, "工作压力": 3, "组织认同": 2, "工作生活平衡": 3}, {"人际关系": 2, "工作条件": 2, "薪酬福利": 4, "职业发展": 3, "工作压力": 1, "组织认同": 3, "工作生活平衡": 3}, {"人际关系": 1, "工作条件": 4, "薪酬福利": 3, "职业发展": 3, "工作压力": 3, "组织认同": 3, "工作生活平衡": 4}, {"人际关系": 3, "工作条件": 4, "薪酬福利": 3, "职业发展": 3, "工作压力": 3, "组织认同": 4, "工作生活平衡": 3}, {"人际关系": 2, "工作条件": 3, "薪酬福利": 3, "职业发展": 3, "工作压力": 3, "组织认同": 2, "工作生活平衡": 2}, {"人际关系": 2, "工作条件": 1, "薪酬福利": 4, "职业发展": 2, "工作压力": 4, "组织认同": 3, "工作生活平衡": 1}, {"人际关系": 3, "工作条件": 3, "薪酬福利": 3, "职业发展": 5, "工作压力": 3, "组织认同": 4, "工作生活平衡": 3}, {"人际关系": 3, "工作条件": 2, "薪酬福利": 4, "职业发展": 4, "工作压力": 2, "组织认同": 3, "工作生活平衡": 3}, {"人际关系": 2, "工作条件": 3, "薪酬福利": 1, "职业发展": 5, "工作压力": 3, "组织认同": 3, "工作生活平衡": 4}, {"人际关系": 3, "工作条件": 3, "薪酬福利": 5, "职业发展": 3, "工作压力": 4, "组织认同": 4, "工作生活平衡": 3}, {"人际关系": 2, "工作条件": 2, "薪酬福利": 4, "职业发展": 3, "工作压力": 4, "组织认同": 3, "工作生活平衡": 3}, {"人际关系": 3, "工作条件": 3, "薪酬福利": 3, "职业发展": 4, "工作压力": 2, "组织认同": 4, "工作生活平衡": 3}, {"人际关系": 2, "工作条件": 3, "薪酬福利": 4, "职业发展": 3, "工作压力": 5, "组织认同": 2, "工作生活平衡": 1}, {"人际关系": 2, "工作条件": 3, "薪酬福利": 3, "职业发展": 3, "工作压力": 1, "组织认同": 3, "工作生活平衡": 3}, {"人际关系": 2, "工作条件": 3, "薪酬福利": 4, "职业发展": 2, "工作压力": 3, "组织认同": 3, "工作生活平衡": 2}, {"人际关系": 3, "工作条件": 2, "薪酬福利": 2, "职业发展": 3, "工作压力": 4, "组织认同": 2, "工作生活平衡": 2}, {"人际关系": 3, "工作条件": 2, "薪酬福利": 4, "职业发展": 3, "工作压力": 4, "组织认同": 2, "工作生活平衡": 2}, {"人际关系": 3, "工作条件": 3, "薪酬福利": 5, "职业发展": 3, "工作压力": 3, "组织认同": 3, "工作生活平衡": 3}, {"人际关系": 4, "工作条件": 3, "薪酬福利": 4, "职业发展": 3, "工作压力": 2, "组织认同": 3, "工作生活平衡": 5}, {"人际关系": 3, "工作条件": 2, "薪酬福利": 2, "职业发展": 3, "工作压力": 5, "组织认同": 1, "工作生活平衡": 2}, {"人际关系": 2, "工作条件": 3, "薪酬福利": 2, "职业发展": 3, "工作压力": 3, "组织认同": 2, "工作生活平衡": 3}, {"人际关系": 2, "工作条件": 3, "薪酬福利": 1, "职业发展": 4, "工作压力": 3, "组织认同": 3, "工作生活平衡": 2}, {"人际关系": 3, "工作条件": 3, "薪酬福利": 3, "职业发展": 3, "工作压力": 2, "组织认同": 2, "工作生活平衡": 3}, {"人际关系": 2, "工作条件": 3, "薪酬福利": 4, "职业发展": 3, "工作压力": 4, "组织认同": 3, "工作生活平衡": 3}, {"人际关系": 4, "工作条件": 4, "薪酬福利": 4, "职业发展": 4, "工作压力": 3, "组织认同": 4, "工作生活平衡": 4}, {"人际关系": 4, "工作条件": 3, "薪酬福利": 4, "职业发展": 3, "工作压力": 1, "组织认同": 4, "工作生活平衡": 4}, {"人际关系": 3, "工作条件": 2, "薪酬福利": 3, "职业发展": 5, "工作压力": 4, "组织认同": 3, "工作生活平衡": 2}, {"人际关系": 4, "工作条件": 2, "薪酬福利": 4, "职业发展": 5, "工作压力": 3, "组织认同": 4, "工作生活平衡": 3}, {"人际关系": 3, "工作条件": 3, "薪酬福利": 4, "职业发展": 1, "工作压力": 3, "组织认同": 2, "工作生活平衡": 3}, {"人际关系": 3, "工作条件": 4, "薪酬福利": 3, "职业发展": 3, "工作压力": 3, "组织认同": 3, "工作生活平衡": 3}, {"人际关系": 4, "工作条件": 2, "薪酬福利": 4, "职业发展": 2, "工作压力": 3, "组织认同": 2, "工作生活平衡": 3}, {"人际关系": 3, "工作条件": 3, "薪酬福利": 3, "职业发展": 2, "工作压力": 2, "组织认同": 2, "工作生活平衡": 3}, {"人际关系": 1, "工作条件": 2, "薪酬福利": 3, "职业发展": 4, "工作压力": 5, "组织认同": 2, "工作生活平衡": 2}, {"人际关系": 3, "工作条件": 3, "薪酬福利": 2, "职业发展": 2, "工作压力": 3, "组织认同": 2, "工作生活平衡": 2}, {"人际关系": 4, "工作条件": 3, "薪酬福利": 3, "职业发展": 1, "工作压力": 3, "组织认同": 2, "工作生活平衡": 3}]', '2026-07-12T16:23:27.598639+00');
INSERT INTO datasets (id, simulation_config_id, project_id, sample_size, columns, data, created_at) VALUES ('a2c7c7be-01ce-445f-957d-2a8a154b02bc', '8fbaf2a9-82ba-4331-aa32-9503632ed970', 'c5345651-eaf7-42d6-a4fa-b9c3981f89ae', 200, '["学习动机", "学习策略", "自我效能感"]', '[{"学习动机": 3, "学习策略": 2, "自我效能感": 3}, {"学习动机": 4, "学习策略": 1, "自我效能感": 2}, {"学习动机": 3, "学习策略": 3, "自我效能感": 3}, {"学习动机": 3, "学习策略": 3, "自我效能感": 3}, {"学习动机": 3, "学习策略": 4, "自我效能感": 3}, {"学习动机": 3, "学习策略": 3, "自我效能感": 2}, {"学习动机": 4, "学习策略": 3, "自我效能感": 3}, {"学习动机": 3, "学习策略": 4, "自我效能感": 3}, {"学习动机": 3, "学习策略": 3, "自我效能感": 3}, {"学习动机": 4, "学习策略": 3, "自我效能感": 3}, {"学习动机": 5, "学习策略": 3, "自我效能感": 3}, {"学习动机": 3, "学习策略": 3, "自我效能感": 4}, {"学习动机": 3, "学习策略": 2, "自我效能感": 2}, {"学习动机": 4, "学习策略": 3, "自我效能感": 3}, {"学习动机": 3, "学习策略": 3, "自我效能感": 3}, {"学习动机": 3, "学习策略": 3, "自我效能感": 3}, {"学习动机": 4, "学习策略": 3, "自我效能感": 3}, {"学习动机": 4, "学习策略": 2, "自我效能感": 3}, {"学习动机": 3, "学习策略": 2, "自我效能感": 3}, {"学习动机": 4, "学习策略": 2, "自我效能感": 4}, {"学习动机": 2, "学习策略": 3, "自我效能感": 3}, {"学习动机": 4, "学习策略": 3, "自我效能感": 3}, {"学习动机": 3, "学习策略": 2, "自我效能感": 4}, {"学习动机": 3, "学习策略": 2, "自我效能感": 2}, {"学习动机": 3, "学习策略": 3, "自我效能感": 3}, {"学习动机": 4, "学习策略": 2, "自我效能感": 3}, {"学习动机": 4, "学习策略": 3, "自我效能感": 3}, {"学习动机": 3, "学习策略": 3, "自我效能感": 3}, {"学习动机": 2, "学习策略": 3, "自我效能感": 3}, {"学习动机": 3, "学习策略": 3, "自我效能感": 3}, {"学习动机": 4, "学习策略": 3, "自我效能感": 3}, {"学习动机": 3, "学习策略": 2, "自我效能感": 2}, {"学习动机": 2, "学习策略": 2, "自我效能感": 3}, {"学习动机": 3, "学习策略": 3, "自我效能感": 4}, {"学习动机": 3, "学习策略": 3, "自我效能感": 2}, {"学习动机": 3, "学习策略": 2, "自我效能感": 3}, {"学习动机": 4, "学习策略": 2, "自我效能感": 3}, {"学习动机": 3, "学习策略": 2, "自我效能感": 2}, {"学习动机": 3, "学习策略": 2, "自我效能感": 3}, {"学习动机": 3, "学习策略": 4, "自我效能感": 3}, {"学习动机": 2, "学习策略": 3, "自我效能感": 3}, {"学习动机": 4, "学习策略": 3, "自我效能感": 3}, {"学习动机": 4, "学习策略": 2, "自我效能感": 2}, {"学习动机": 3, "学习策略": 3, "自我效能感": 2}, {"学习动机": 4, "学习策略": 3, "自我效能感": 2}, {"学习动机": 2, "学习策略": 3, "自我效能感": 3}, {"学习动机": 5, "学习策略": 5, "自我效能感": 3}, {"学习动机": 2, "学习策略": 1, "自我效能感": 3}, {"学习动机": 3, "学习策略": 2, "自我效能感": 2}, {"学习动机": 3, "学习策略": 4, "自我效能感": 3}, {"学习动机": 3, "学习策略": 2, "自我效能感": 2}, {"学习动机": 3, "学习策略": 3, "自我效能感": 4}, {"学习动机": 3, "学习策略": 4, "自我效能感": 3}, {"学习动机": 2, "学习策略": 2, "自我效能感": 2}, {"学习动机": 5, "学习策略": 2, "自我效能感": 3}, {"学习动机": 3, "学习策略": 4, "自我效能感": 3}, {"学习动机": 3, "学习策略": 3, "自我效能感": 2}, {"学习动机": 4, "学习策略": 2, "自我效能感": 2}, {"学习动机": 2, "学习策略": 3, "自我效能感": 4}, {"学习动机": 3, "学习策略": 3, "自我效能感": 3}, {"学习动机": 4, "学习策略": 3, "自我效能感": 3}, {"学习动机": 4, "学习策略": 3, "自我效能感": 4}, {"学习动机": 3, "学习策略": 2, "自我效能感": 2}, {"学习动机": 4, "学习策略": 4, "自我效能感": 3}, {"学习动机": 3, "学习策略": 4, "自我效能感": 2}, {"学习动机": 3, "学习策略": 3, "自我效能感": 3}, {"学习动机": 3, "学习策略": 3, "自我效能感": 3}, {"学习动机": 4, "学习策略": 3, "自我效能感": 3}, {"学习动机": 2, "学习策略": 3, "自我效能感": 2}, {"学习动机": 2, "学习策略": 2, "自我效能感": 3}, {"学习动机": 4, "学习策略": 2, "自我效能感": 3}, {"学习动机": 3, "学习策略": 3, "自我效能感": 4}, {"学习动机": 4, "学习策略": 4, "自我效能感": 3}, {"学习动机": 3, "学习策略": 3, "自我效能感": 3}, {"学习动机": 3, "学习策略": 2, "自我效能感": 3}, {"学习动机": 3, "学习策略": 5, "自我效能感": 4}, {"学习动机": 3, "学习策略": 3, "自我效能感": 2}, {"学习动机": 3, "学习策略": 3, "自我效能感": 4}, {"学习动机": 3, "学习策略": 2, "自我效能感": 1}, {"学习动机": 3, "学习策略": 2, "自我效能感": 2}, {"学习动机": 3, "学习策略": 3, "自我效能感": 2}, {"学习动机": 2, "学习策略": 4, "自我效能感": 2}, {"学习动机": 2, "学习策略": 4, "自我效能感": 5}, {"学习动机": 2, "学习策略": 3, "自我效能感": 3}, {"学习动机": 5, "学习策略": 2, "自我效能感": 3}, {"学习动机": 4, "学习策略": 3, "自我效能感": 3}, {"学习动机": 3, "学习策略": 2, "自我效能感": 3}, {"学习动机": 3, "学习策略": 3, "自我效能感": 2}, {"学习动机": 4, "学习策略": 4, "自我效能感": 3}, {"学习动机": 4, "学习策略": 3, "自我效能感": 3}, {"学习动机": 3, "学习策略": 3, "自我效能感": 3}, {"学习动机": 5, "学习策略": 4, "自我效能感": 3}, {"学习动机": 3, "学习策略": 2, "自我效能感": 4}, {"学习动机": 3, "学习策略": 3, "自我效能感": 2}, {"学习动机": 4, "学习策略": 3, "自我效能感": 2}, {"学习动机": 3, "学习策略": 3, "自我效能感": 3}, {"学习动机": 3, "学习策略": 3, "自我效能感": 3}, {"学习动机": 3, "学习策略": 4, "自我效能感": 1}, {"学习动机": 3, "学习策略": 3, "自我效能感": 3}, {"学习动机": 3, "学习策略": 1, "自我效能感": 3}, {"学习动机": 5, "学习策略": 2, "自我效能感": 4}, {"学习动机": 3, "学习策略": 3, "自我效能感": 2}, {"学习动机": 3, "学习策略": 4, "自我效能感": 3}, {"学习动机": 5, "学习策略": 4, "自我效能感": 3}, {"学习动机": 5, "学习策略": 3, "自我效能感": 3}, {"学习动机": 3, "学习策略": 3, "自我效能感": 2}, {"学习动机": 4, "学习策略": 2, "自我效能感": 3}, {"学习动机": 3, "学习策略": 4, "自我效能感": 3}, {"学习动机": 5, "学习策略": 3, "自我效能感": 2}, {"学习动机": 3, "学习策略": 2, "自我效能感": 2}, {"学习动机": 4, "学习策略": 3, "自我效能感": 2}, {"学习动机": 2, "学习策略": 3, "自我效能感": 2}, {"学习动机": 3, "学习策略": 3, "自我效能感": 4}, {"学习动机": 4, "学习策略": 1, "自我效能感": 3}, {"学习动机": 3, "学习策略": 3, "自我效能感": 4}, {"学习动机": 2, "学习策略": 2, "自我效能感": 3}, {"学习动机": 2, "学习策略": 4, "自我效能感": 3}, {"学习动机": 4, "学习策略": 2, "自我效能感": 3}, {"学习动机": 4, "学习策略": 3, "自我效能感": 3}, {"学习动机": 3, "学习策略": 2, "自我效能感": 3}, {"学习动机": 3, "学习策略": 3, "自我效能感": 4}, {"学习动机": 2, "学习策略": 3, "自我效能感": 4}, {"学习动机": 3, "学习策略": 2, "自我效能感": 3}, {"学习动机": 4, "学习策略": 3, "自我效能感": 4}, {"学习动机": 4, "学习策略": 3, "自我效能感": 3}, {"学习动机": 5, "学习策略": 3, "自我效能感": 1}, {"学习动机": 4, "学习策略": 2, "自我效能感": 3}, {"学习动机": 4, "学习策略": 2, "自我效能感": 2}, {"学习动机": 2, "学习策略": 2, "自我效能感": 3}, {"学习动机": 4, "学习策略": 3, "自我效能感": 2}, {"学习动机": 1, "学习策略": 3, "自我效能感": 3}, {"学习动机": 4, "学习策略": 3, "自我效能感": 3}, {"学习动机": 4, "学习策略": 3, "自我效能感": 3}, {"学习动机": 3, "学习策略": 3, "自我效能感": 3}, {"学习动机": 4, "学习策略": 3, "自我效能感": 3}, {"学习动机": 3, "学习策略": 3, "自我效能感": 3}, {"学习动机": 2, "学习策略": 2, "自我效能感": 2}, {"学习动机": 1, "学习策略": 2, "自我效能感": 3}, {"学习动机": 3, "学习策略": 3, "自我效能感": 4}, {"学习动机": 4, "学习策略": 3, "自我效能感": 4}, {"学习动机": 3, "学习策略": 2, "自我效能感": 2}, {"学习动机": 2, "学习策略": 2, "自我效能感": 3}, {"学习动机": 4, "学习策略": 4, "自我效能感": 2}, {"学习动机": 4, "学习策略": 2, "自我效能感": 3}, {"学习动机": 3, "学习策略": 1, "自我效能感": 4}, {"学习动机": 3, "学习策略": 2, "自我效能感": 2}, {"学习动机": 3, "学习策略": 3, "自我效能感": 3}, {"学习动机": 3, "学习策略": 3, "自我效能感": 4}, {"学习动机": 3, "学习策略": 2, "自我效能感": 4}, {"学习动机": 3, "学习策略": 4, "自我效能感": 3}, {"学习动机": 3, "学习策略": 3, "自我效能感": 4}, {"学习动机": 5, "学习策略": 3, "自我效能感": 3}, {"学习动机": 4, "学习策略": 2, "自我效能感": 3}, {"学习动机": 3, "学习策略": 3, "自我效能感": 2}, {"学习动机": 2, "学习策略": 1, "自我效能感": 2}, {"学习动机": 3, "学习策略": 3, "自我效能感": 4}, {"学习动机": 4, "学习策略": 2, "自我效能感": 3}, {"学习动机": 3, "学习策略": 3, "自我效能感": 3}, {"学习动机": 4, "学习策略": 3, "自我效能感": 4}, {"学习动机": 2, "学习策略": 3, "自我效能感": 5}, {"学习动机": 3, "学习策略": 4, "自我效能感": 3}, {"学习动机": 4, "学习策略": 3, "自我效能感": 3}, {"学习动机": 3, "学习策略": 3, "自我效能感": 2}, {"学习动机": 4, "学习策略": 4, "自我效能感": 3}, {"学习动机": 3, "学习策略": 3, "自我效能感": 3}, {"学习动机": 4, "学习策略": 1, "自我效能感": 3}, {"学习动机": 2, "学习策略": 2, "自我效能感": 4}, {"学习动机": 4, "学习策略": 2, "自我效能感": 2}, {"学习动机": 1, "学习策略": 2, "自我效能感": 5}, {"学习动机": 4, "学习策略": 2, "自我效能感": 3}, {"学习动机": 2, "学习策略": 3, "自我效能感": 3}, {"学习动机": 3, "学习策略": 3, "自我效能感": 3}, {"学习动机": 4, "学习策略": 2, "自我效能感": 4}, {"学习动机": 4, "学习策略": 2, "自我效能感": 2}, {"学习动机": 4, "学习策略": 3, "自我效能感": 4}, {"学习动机": 3, "学习策略": 4, "自我效能感": 3}, {"学习动机": 3, "学习策略": 4, "自我效能感": 3}, {"学习动机": 3, "学习策略": 2, "自我效能感": 3}, {"学习动机": 2, "学习策略": 3, "自我效能感": 2}, {"学习动机": 4, "学习策略": 1, "自我效能感": 2}, {"学习动机": 2, "学习策略": 2, "自我效能感": 3}, {"学习动机": 3, "学习策略": 3, "自我效能感": 3}, {"学习动机": 3, "学习策略": 2, "自我效能感": 3}, {"学习动机": 4, "学习策略": 3, "自我效能感": 3}, {"学习动机": 3, "学习策略": 4, "自我效能感": 3}, {"学习动机": 3, "学习策略": 2, "自我效能感": 2}, {"学习动机": 2, "学习策略": 2, "自我效能感": 3}, {"学习动机": 3, "学习策略": 3, "自我效能感": 2}, {"学习动机": 4, "学习策略": 3, "自我效能感": 3}, {"学习动机": 3, "学习策略": 3, "自我效能感": 3}, {"学习动机": 2, "学习策略": 3, "自我效能感": 3}, {"学习动机": 3, "学习策略": 3, "自我效能感": 2}, {"学习动机": 4, "学习策略": 4, "自我效能感": 3}, {"学习动机": 4, "学习策略": 1, "自我效能感": 2}, {"学习动机": 3, "学习策略": 2, "自我效能感": 3}, {"学习动机": 5, "学习策略": 2, "自我效能感": 2}, {"学习动机": 3, "学习策略": 4, "自我效能感": 2}, {"学习动机": 3, "学习策略": 4, "自我效能感": 2}, {"学习动机": 2, "学习策略": 2, "自我效能感": 2}, {"学习动机": 4, "学习策略": 3, "自我效能感": 2}]', '2026-07-14T11:40:16.415355+00');

-- reports
DELETE FROM reports;
INSERT INTO reports (id, project_id, overall_alpha, passed_count, total_count, created_at) VALUES ('16cb595a-671f-4c7b-a816-1fcc595332c2', '97ce7ee4-6752-4e4b-bfed-25643e3874dc', 0.7955000000000001, 0, 2, '2026-07-09T14:52:49.746005+00');
INSERT INTO reports (id, project_id, overall_alpha, passed_count, total_count, created_at) VALUES ('af0263dc-a353-43f3-b754-d0655e1a13db', '938cb4d6-956e-42bf-b846-eaf76f448e41', 0.7955000000000001, 0, 2, '2026-07-09T14:53:32.791741+00');
INSERT INTO reports (id, project_id, overall_alpha, passed_count, total_count, created_at) VALUES ('ed7224ff-0845-42aa-9f70-9d5a4a9c4116', '79910741-745f-4e83-b02f-a69096f3a6ce', 0.7955000000000001, 2, 2, '2026-07-10T00:48:51.904905+00');
INSERT INTO reports (id, project_id, overall_alpha, passed_count, total_count, created_at) VALUES ('a794fe9a-8da8-4903-b693-43b35403b382', '79910741-745f-4e83-b02f-a69096f3a6ce', 0.7955000000000001, 2, 2, '2026-07-10T00:55:15.305805+00');
INSERT INTO reports (id, project_id, overall_alpha, passed_count, total_count, created_at) VALUES ('6aa7ddac-c50a-4637-89d1-8427b41c7a80', '79910741-745f-4e83-b02f-a69096f3a6ce', 0.7955000000000001, 2, 2, '2026-07-10T01:02:37.128667+00');
INSERT INTO reports (id, project_id, overall_alpha, passed_count, total_count, created_at) VALUES ('69336bd8-53cb-4c63-acf2-d8a6cdcee1e3', 'd38469ff-4401-4cc0-b770-a55f7b9da768', 0.193125, 0, 8, '2026-07-10T03:14:47.892677+00');
INSERT INTO reports (id, project_id, overall_alpha, passed_count, total_count, created_at) VALUES ('ae2639a4-cb33-44df-adcc-ea9470aacc89', '1d1c3247-9290-4a2b-91de-96c0fa6f9396', 0, 0, 8, '2026-07-10T08:55:52.649476+00');
INSERT INTO reports (id, project_id, overall_alpha, passed_count, total_count, created_at) VALUES ('16869201-f1e1-4ab5-b9d7-f603a4d4264e', 'a425e249-9f93-43b8-9c69-188866f4c163', 0, 0, 8, '2026-07-10T14:58:16.210342+00');
INSERT INTO reports (id, project_id, overall_alpha, passed_count, total_count, created_at) VALUES ('f8d92b49-7b80-40e7-9966-fd183e162b95', 'c5345651-eaf7-42d6-a4fa-b9c3981f89ae', 0.5640000000000001, 2, 3, '2026-07-14T11:40:39.823570+00');

-- reliability_results
DELETE FROM reliability_results;
INSERT INTO reliability_results (id, report_id, dimension, alpha, kmo, bartlett_p_value, passed) VALUES ('6f33c52b-9b62-4984-be0d-be76bfe2b03e', '16cb595a-671f-4c7b-a816-1fcc595332c2', '工作满意度', 0.78, 0.5, 0, FALSE);
INSERT INTO reliability_results (id, report_id, dimension, alpha, kmo, bartlett_p_value, passed) VALUES ('f66f4b2b-c67f-4e15-96e6-28cdae8fd617', '16cb595a-671f-4c7b-a816-1fcc595332c2', '职业发展', 0.811, 0.5, 0, FALSE);
INSERT INTO reliability_results (id, report_id, dimension, alpha, kmo, bartlett_p_value, passed) VALUES ('af6ae2a6-e4e0-4d75-b1d4-2d344118b9bd', 'af0263dc-a353-43f3-b754-d0655e1a13db', '工作满意度', 0.78, 0.5, 0, FALSE);
INSERT INTO reliability_results (id, report_id, dimension, alpha, kmo, bartlett_p_value, passed) VALUES ('dec84796-f8d2-4384-bf87-55fa18aec72d', 'af0263dc-a353-43f3-b754-d0655e1a13db', '职业发展', 0.811, 0.5, 0, FALSE);
INSERT INTO reliability_results (id, report_id, dimension, alpha, kmo, bartlett_p_value, passed) VALUES ('ee657d33-6b35-4878-af68-4301f2a78872', 'ed7224ff-0845-42aa-9f70-9d5a4a9c4116', '工作满意度', 0.78, 0.5, 0, TRUE);
INSERT INTO reliability_results (id, report_id, dimension, alpha, kmo, bartlett_p_value, passed) VALUES ('2ce9c568-19b0-4e72-b555-f79900c4a6df', 'ed7224ff-0845-42aa-9f70-9d5a4a9c4116', '职业发展', 0.811, 0.5, 0, TRUE);
INSERT INTO reliability_results (id, report_id, dimension, alpha, kmo, bartlett_p_value, passed) VALUES ('d7f41e4a-6e59-42fc-ab3d-2cac5f97772b', 'a794fe9a-8da8-4903-b693-43b35403b382', '工作满意度', 0.78, 0.5, 0, TRUE);
INSERT INTO reliability_results (id, report_id, dimension, alpha, kmo, bartlett_p_value, passed) VALUES ('b8daa126-bf2a-4a13-abba-e722e6fec141', 'a794fe9a-8da8-4903-b693-43b35403b382', '职业发展', 0.811, 0.5, 0, TRUE);
INSERT INTO reliability_results (id, report_id, dimension, alpha, kmo, bartlett_p_value, passed) VALUES ('fd43c5f4-a7e4-4e69-9e83-d5821fcc92c8', '6aa7ddac-c50a-4637-89d1-8427b41c7a80', '工作满意度', 0.78, 0.5, 0, TRUE);
INSERT INTO reliability_results (id, report_id, dimension, alpha, kmo, bartlett_p_value, passed) VALUES ('dcdbdad5-9cfd-48d8-8a72-9f9bd37ab89a', '6aa7ddac-c50a-4637-89d1-8427b41c7a80', '职业发展', 0.811, 0.5, 0, TRUE);
INSERT INTO reliability_results (id, report_id, dimension, alpha, kmo, bartlett_p_value, passed) VALUES ('2362b89a-2340-4e52-a477-b1e09e7c2201', '69336bd8-53cb-4c63-acf2-d8a6cdcee1e3', '工作满意度', 0.783, 0.5, 0, FALSE);
INSERT INTO reliability_results (id, report_id, dimension, alpha, kmo, bartlett_p_value, passed) VALUES ('037c0d73-d919-4d44-888f-c1a6ff01a904', '69336bd8-53cb-4c63-acf2-d8a6cdcee1e3', '人际关系', 0, 0, 1, FALSE);
INSERT INTO reliability_results (id, report_id, dimension, alpha, kmo, bartlett_p_value, passed) VALUES ('22c638e3-3ec2-48f0-be21-355a2a55ea07', '69336bd8-53cb-4c63-acf2-d8a6cdcee1e3', '工作感受', 0, 0, 1, FALSE);
INSERT INTO reliability_results (id, report_id, dimension, alpha, kmo, bartlett_p_value, passed) VALUES ('fad4ea86-868e-47da-987b-0f543d22b6b8', '69336bd8-53cb-4c63-acf2-d8a6cdcee1e3', '薪酬福利', 0, 0, 1, FALSE);
INSERT INTO reliability_results (id, report_id, dimension, alpha, kmo, bartlett_p_value, passed) VALUES ('ce2c649a-f002-467c-b343-fbff410d82f1', '69336bd8-53cb-4c63-acf2-d8a6cdcee1e3', '职业发展', 0, 0, 1, FALSE);
INSERT INTO reliability_results (id, report_id, dimension, alpha, kmo, bartlett_p_value, passed) VALUES ('594c808d-47aa-426e-8d44-583b6c8cd6ce', '69336bd8-53cb-4c63-acf2-d8a6cdcee1e3', '工作压力', 0, 0, 1, FALSE);
INSERT INTO reliability_results (id, report_id, dimension, alpha, kmo, bartlett_p_value, passed) VALUES ('c42e7da3-1972-42a4-8be6-8276fe656530', '69336bd8-53cb-4c63-acf2-d8a6cdcee1e3', '组织认同', 0.762, 0.5, 0, FALSE);
INSERT INTO reliability_results (id, report_id, dimension, alpha, kmo, bartlett_p_value, passed) VALUES ('73365d5e-dbe2-4e9b-b6db-a26eb8d93b73', '69336bd8-53cb-4c63-acf2-d8a6cdcee1e3', '工作生活平衡', 0, 0, 1, FALSE);
INSERT INTO reliability_results (id, report_id, dimension, alpha, kmo, bartlett_p_value, passed) VALUES ('612caa02-ed52-4914-b49a-aa980ac09fb0', 'ae2639a4-cb33-44df-adcc-ea9470aacc89', '工作满意度', 0, 0, 1, FALSE);
INSERT INTO reliability_results (id, report_id, dimension, alpha, kmo, bartlett_p_value, passed) VALUES ('5e0bf52e-007e-43dc-9895-e26b40dd5137', 'ae2639a4-cb33-44df-adcc-ea9470aacc89', '人际关系', 0, 0, 1, FALSE);
INSERT INTO reliability_results (id, report_id, dimension, alpha, kmo, bartlett_p_value, passed) VALUES ('764050bc-4d80-40f3-af9e-ad2f706fed55', 'ae2639a4-cb33-44df-adcc-ea9470aacc89', '工作感受', 0, 0, 1, FALSE);
INSERT INTO reliability_results (id, report_id, dimension, alpha, kmo, bartlett_p_value, passed) VALUES ('4adc5208-c075-47cb-8125-979a98092fb0', 'ae2639a4-cb33-44df-adcc-ea9470aacc89', '薪酬福利', 0, 0, 1, FALSE);
INSERT INTO reliability_results (id, report_id, dimension, alpha, kmo, bartlett_p_value, passed) VALUES ('f6b8f198-eac1-4bcb-a788-51ad3302ad51', 'ae2639a4-cb33-44df-adcc-ea9470aacc89', '职业发展', 0, 0, 1, FALSE);
INSERT INTO reliability_results (id, report_id, dimension, alpha, kmo, bartlett_p_value, passed) VALUES ('147646db-2efd-49b6-bf6d-c5bb8e0e6178', 'ae2639a4-cb33-44df-adcc-ea9470aacc89', '工作压力', 0, 0, 1, FALSE);
INSERT INTO reliability_results (id, report_id, dimension, alpha, kmo, bartlett_p_value, passed) VALUES ('f18b514e-024c-4cd4-910e-a2f20758b86f', 'ae2639a4-cb33-44df-adcc-ea9470aacc89', '组织认同', 0, 0, 1, FALSE);
INSERT INTO reliability_results (id, report_id, dimension, alpha, kmo, bartlett_p_value, passed) VALUES ('bd06f618-9941-42ac-beb4-d13d4ccf4857', 'ae2639a4-cb33-44df-adcc-ea9470aacc89', '工作生活平衡', 0, 0, 1, FALSE);
INSERT INTO reliability_results (id, report_id, dimension, alpha, kmo, bartlett_p_value, passed) VALUES ('d20b4235-a60d-4f99-a35a-ab13cf747949', '16869201-f1e1-4ab5-b9d7-f603a4d4264e', '工作满意度', 0, 0, 1, FALSE);
INSERT INTO reliability_results (id, report_id, dimension, alpha, kmo, bartlett_p_value, passed) VALUES ('ee07e8f5-b67b-4c75-8625-63a529f0ac9a', '16869201-f1e1-4ab5-b9d7-f603a4d4264e', '人际关系', 0, 0, 1, FALSE);
INSERT INTO reliability_results (id, report_id, dimension, alpha, kmo, bartlett_p_value, passed) VALUES ('c9def63e-c1a3-4e89-887c-06f602dd75e9', '16869201-f1e1-4ab5-b9d7-f603a4d4264e', '工作条件', 0, 0, 1, FALSE);
INSERT INTO reliability_results (id, report_id, dimension, alpha, kmo, bartlett_p_value, passed) VALUES ('6ab3ea43-8bc5-4155-aef5-527fdda39ad3', '16869201-f1e1-4ab5-b9d7-f603a4d4264e', '薪酬福利', 0, 0, 1, FALSE);
INSERT INTO reliability_results (id, report_id, dimension, alpha, kmo, bartlett_p_value, passed) VALUES ('674ace95-7d57-4657-adab-e537da8a7e16', '16869201-f1e1-4ab5-b9d7-f603a4d4264e', '职业发展', 0, 0, 1, FALSE);
INSERT INTO reliability_results (id, report_id, dimension, alpha, kmo, bartlett_p_value, passed) VALUES ('7c6d20ac-720b-484d-8afd-8bf9bcefa1fe', '16869201-f1e1-4ab5-b9d7-f603a4d4264e', '工作压力', 0, 0, 1, FALSE);
INSERT INTO reliability_results (id, report_id, dimension, alpha, kmo, bartlett_p_value, passed) VALUES ('f4e1b65c-aa71-4c45-9a97-0f92625aad9d', '16869201-f1e1-4ab5-b9d7-f603a4d4264e', '组织认同', 0, 0, 1, FALSE);
INSERT INTO reliability_results (id, report_id, dimension, alpha, kmo, bartlett_p_value, passed) VALUES ('516b26d3-edd5-4e52-9bd3-95911734d53b', '16869201-f1e1-4ab5-b9d7-f603a4d4264e', '工作生活平衡', 0, 0, 1, FALSE);
INSERT INTO reliability_results (id, report_id, dimension, alpha, kmo, bartlett_p_value, passed) VALUES ('612e0c7a-552b-4ae5-9820-3edb988d8610', 'f8d92b49-7b80-40e7-9966-fd183e162b95', '学习动机', 0.893, 0.842, 0, TRUE);
INSERT INTO reliability_results (id, report_id, dimension, alpha, kmo, bartlett_p_value, passed) VALUES ('7bec367b-5b5b-48e0-8990-e25e7f2dd4ec', 'f8d92b49-7b80-40e7-9966-fd183e162b95', '学习策略', 0.799, 0.5, 0, TRUE);
INSERT INTO reliability_results (id, report_id, dimension, alpha, kmo, bartlett_p_value, passed) VALUES ('be92ac13-9aa2-4cd6-b12a-fb45bddaff5c', 'f8d92b49-7b80-40e7-9966-fd183e162b95', '自我效能感', 0, 0, 1, FALSE);

-- diagnoses
DELETE FROM diagnoses;
INSERT INTO diagnoses (id, report_id, passed, created_at) VALUES ('1188ac41-5996-47a4-acff-138e1e2fd485', '16cb595a-671f-4c7b-a816-1fcc595332c2', FALSE, '2026-07-09T14:52:49.752536+00');
INSERT INTO diagnoses (id, report_id, passed, created_at) VALUES ('b54e294b-9cd0-4196-b131-da3e55787d2c', 'af0263dc-a353-43f3-b754-d0655e1a13db', FALSE, '2026-07-09T14:53:32.800970+00');
INSERT INTO diagnoses (id, report_id, passed, created_at) VALUES ('6e29c99c-cbb5-43da-8b2a-7e797b8cb117', 'ed7224ff-0845-42aa-9f70-9d5a4a9c4116', FALSE, '2026-07-10T00:48:51.909420+00');
INSERT INTO diagnoses (id, report_id, passed, created_at) VALUES ('3e270a3a-7c5e-48a3-8c54-6463cd3d2f87', 'a794fe9a-8da8-4903-b693-43b35403b382', FALSE, '2026-07-10T00:55:15.308359+00');
INSERT INTO diagnoses (id, report_id, passed, created_at) VALUES ('14ab0551-813a-4ed1-8b12-1c51f9b53139', '6aa7ddac-c50a-4637-89d1-8427b41c7a80', FALSE, '2026-07-10T01:02:37.132038+00');
INSERT INTO diagnoses (id, report_id, passed, created_at) VALUES ('336d58cd-0c6f-4f60-a764-24650b3bc79b', '69336bd8-53cb-4c63-acf2-d8a6cdcee1e3', FALSE, '2026-07-10T03:14:47.903945+00');
INSERT INTO diagnoses (id, report_id, passed, created_at) VALUES ('d623e39a-5529-4d3c-ab00-15884a3831c6', 'ae2639a4-cb33-44df-adcc-ea9470aacc89', FALSE, '2026-07-10T08:55:52.653990+00');
INSERT INTO diagnoses (id, report_id, passed, created_at) VALUES ('a4c725f7-6fe1-4232-814b-74523f7eb923', '16869201-f1e1-4ab5-b9d7-f603a4d4264e', FALSE, '2026-07-10T14:58:16.224335+00');
INSERT INTO diagnoses (id, report_id, passed, created_at) VALUES ('8f35b2df-0f8b-4dd5-905e-ae58d36b69d4', 'f8d92b49-7b80-40e7-9966-fd183e162b95', FALSE, '2026-07-14T11:40:39.842588+00');

-- diagnosis_issues
DELETE FROM diagnosis_issues;
INSERT INTO diagnosis_issues (id, diagnosis_id, dimension, metric, value, threshold, reason, suggestion) VALUES ('7847d4c7-99d3-4327-be72-16392261ed60', '1188ac41-5996-47a4-acff-138e1e2fd485', '工作满意度', 'kmo', 0.5, 0.6, 'KMO值仅为0.5，低于可接受阈值0.6，表明变量间的偏相关性较弱，不适合进行因子分析。可能原因包括：该维度题目数量过少（例如少于3题），或题目间共同度较低、存在较多特异性方差，导致整体结构效度不足。', '建议增加该维度的题目数量（至少3-5题），并确保题目内容紧密围绕工作满意度核心概念；同时可删除部分相关性极低的题目，或重新审视题目措辞以提高内部一致性。若样本量较小，可考虑扩大样本。');
INSERT INTO diagnosis_issues (id, diagnosis_id, dimension, metric, value, threshold, reason, suggestion) VALUES ('852f49ff-a144-406a-9ac4-8ed205aeb5e8', '1188ac41-5996-47a4-acff-138e1e2fd485', '职业发展', 'kmo', 0.5, 0.6, 'KMO值为0.5，低于可接受阈值0.6，表明变量间偏相关性较弱，因子分析适用性不足。可能原因包括：该维度题目数量偏少，或题目内容存在歧义、重复度低，导致变量间无法提取公共因子。', '建议优化或扩充该维度题目，确保题目能充分覆盖职业发展的不同方面（如晋升机会、培训支持、职业规划等）；同时进行项目分析，剔除区分度低或与其他题目相关性过弱的题目。如果条件允许，可重新收集数据并检验结构效度。');
INSERT INTO diagnosis_issues (id, diagnosis_id, dimension, metric, value, threshold, reason, suggestion) VALUES ('4c457fc0-11ec-445c-ac71-24a0d6f8e928', 'b54e294b-9cd0-4196-b131-da3e55787d2c', '工作满意度', 'kmo', 0.5, 0.6, 'KMO值为0.5，低于0.6的可接受标准，表明该维度内题项之间的偏相关性较强，变量间共同方差较少，可能由于样本量不足、题项间相关性较低或存在无关题项导致因子分析效果不佳。', '建议增加样本量（如达到题项数的5-10倍），检查并删除与其他题项相关性过低的题目，或重新评估题项内容是否准确反映工作满意度构念，可尝试探索性因子分析以优化题项结构。');
INSERT INTO diagnosis_issues (id, diagnosis_id, dimension, metric, value, threshold, reason, suggestion) VALUES ('2940cb9a-0503-4a81-9513-56f54216cea4', 'b54e294b-9cd0-4196-b131-da3e55787d2c', '职业发展', 'kmo', 0.5, 0.6, 'KMO值为0.5，低于0.6的可接受标准，说明该维度内题项间的共同因素较少，可能由于题目数量不足、维度内部一致性较低或存在测量误差较大的题目影响因子提取。', '建议增加样本量，对维度内题项进行项目分析，删除因子载荷较低或交叉载荷严重的题目，或根据理论考虑增加新的测量条目以提高维度结构清晰度。');
INSERT INTO diagnosis_issues (id, diagnosis_id, dimension, metric, value, threshold, reason, suggestion) VALUES ('b67ef6f9-cf96-4643-bd5c-b7a69195d504', '6e29c99c-cbb5-43da-8b2a-7e797b8cb117', '', 'cumulative_variance', 0, 0, '命中翻车点 P07：未报累计方差解释率', '因子分析应报告累计方差解释率，以说明公因子对原变量的解释能力。请补充该指标。');
INSERT INTO diagnosis_issues (id, diagnosis_id, dimension, metric, value, threshold, reason, suggestion) VALUES ('ad015db1-06ef-4f36-b94d-3cb6a99e7642', '3e270a3a-7c5e-48a3-8c54-6463cd3d2f87', '', 'cumulative_variance', 0, 0, '命中翻车点 P07：未报累计方差解释率', '因子分析应报告累计方差解释率，以说明公因子对原变量的解释能力。请补充该指标。');
INSERT INTO diagnosis_issues (id, diagnosis_id, dimension, metric, value, threshold, reason, suggestion) VALUES ('73d8892b-9964-49f8-95d2-43653dd2f08c', '14ab0551-813a-4ed1-8b12-1c51f9b53139', '', 'cumulative_variance', 0, 0, '命中翻车点 P07：未报累计方差解释率', '因子分析应报告累计方差解释率，以说明公因子对原变量的解释能力。请补充该指标。');
INSERT INTO diagnosis_issues (id, diagnosis_id, dimension, metric, value, threshold, reason, suggestion) VALUES ('28b48fc9-6f13-40ad-8062-b3434ecf24c9', '336d58cd-0c6f-4f60-a764-24650b3bc79b', '', 'reverse_items', 0, 0, '命中翻车点 P01：反向题未反转', '存在反向题但未做反向计分，会导致 α 偏低甚至负值。请在数据预处理阶段反转反向题（如 6 减去原值），再重算信度。');
INSERT INTO diagnosis_issues (id, diagnosis_id, dimension, metric, value, threshold, reason, suggestion) VALUES ('b5c985e4-b1ce-45ed-be90-eff25c978132', '336d58cd-0c6f-4f60-a764-24650b3bc79b', '', 'kmo', 0, 0, '命中翻车点 P04：KMO<0.5 仍强行做 EFA', 'KMO 低于 0.5 时数据不适合做因子分析，强行 EFA 会导致因子结构不稳定。建议先检查变量间相关性，或增加样本/调整题项后重测 KMO。');
INSERT INTO diagnosis_issues (id, diagnosis_id, dimension, metric, value, threshold, reason, suggestion) VALUES ('8ba2d340-94f9-48ef-8111-77bca6f73f30', '336d58cd-0c6f-4f60-a764-24650b3bc79b', '', 'cumulative_variance', 0, 0, '命中翻车点 P07：未报累计方差解释率', '因子分析应报告累计方差解释率，以说明公因子对原变量的解释能力。请补充该指标。');
INSERT INTO diagnosis_issues (id, diagnosis_id, dimension, metric, value, threshold, reason, suggestion) VALUES ('89065e91-f9b1-4f1b-b927-6cc608b34ef4', '336d58cd-0c6f-4f60-a764-24650b3bc79b', '工作满意度', 'kmo', 0.5, 0.5, 'KMO值刚好处于临界下限，表明题项间共同方差偏低。可能是因为部分题项与其他题项相关性较弱，或样本量不足导致变量间关联性不稳定。', '建议增加样本量（当前样本量可能过小），同时检查每个题项与其他题项的相关系数，删除相关系数低于0.3的题项后重新计算KMO，或考虑调整量表结构。');
INSERT INTO diagnosis_issues (id, diagnosis_id, dimension, metric, value, threshold, reason, suggestion) VALUES ('4d304562-7dcb-43a3-88c2-ae16888e832b', '336d58cd-0c6f-4f60-a764-24650b3bc79b', '人际关系', 'alpha', 0, 0.7, 'Cronbach''s α为0，表明题项间内部一致性问题严重。可能原因包括：反向题未正确计分导致题项间负相关、题项表述歧义或与维度定义不符、题目数量过少（如不足3题）、或样本存在异常值。', '首先检查数据预处理是否完成反向题反转（如将反向题分数用最大值+1减去原值）；其次计算题项间相关矩阵，识别并删除与其他题项负相关或相关系数极低的题目；若题项数少于3个，需补充题目；同时检查是否有异常值或缺失值影响。');
INSERT INTO diagnosis_issues (id, diagnosis_id, dimension, metric, value, threshold, reason, suggestion) VALUES ('0abd4362-18a5-4e94-b4fa-5ed1e209449d', '336d58cd-0c6f-4f60-a764-24650b3bc79b', '人际关系', 'kmo', 0, 0.5, 'KMO值为0，表明变量间几乎无共同方差，数据完全不适合做因子分析。通常因题项之间相互独立（相关系数接近0）或样本量严重不足导致。', '检查题项间相关系数矩阵，若大部分相关系数<0.1则需要重新设计量表；如果样本量极小（如<30），需收集更多样本；若题项间存在明显负相关，需检查反向题处理。在问题解决前不建议进行因子分析。');
INSERT INTO diagnosis_issues (id, diagnosis_id, dimension, metric, value, threshold, reason, suggestion) VALUES ('691d0d95-25d6-40e1-b7b3-7927ddf3da10', '336d58cd-0c6f-4f60-a764-24650b3bc79b', '人际关系', 'bartlett_p', 1, 0.05, 'Bartlett球形检验p=1.0，完全不显著，说明相关矩阵为单位矩阵，变量之间相互独立，无法提取公因子。原因与KMO=0相同，即题项间缺乏相关性。', '与KMO问题同步解决：确保反向题正确反转，检查题项语义是否与维度一致，必要时删除或修改无相关性的题项，并增加样本量后重测。');
INSERT INTO diagnosis_issues (id, diagnosis_id, dimension, metric, value, threshold, reason, suggestion) VALUES ('1e3ec16f-4740-437b-8f74-49e3e4d76ec1', '336d58cd-0c6f-4f60-a764-24650b3bc79b', '工作感受', 'alpha', 0, 0.7, 'Cronbach''s α为0，表明该维度题项之间内部一致性极差。常见原因包括反向题未反转导致负相关、题项内容偏离维度定义、或题目数量过少。', '核查数据中是否存在反向题并确认已反转；计算题项间相关系数，删除负相关或极低相关的题目；考虑增加2-3个与“工作感受”内涵一致的题目以提高信度。');
INSERT INTO diagnosis_issues (id, diagnosis_id, dimension, metric, value, threshold, reason, suggestion) VALUES ('40b63673-3462-4b79-9b79-0b554eac42bd', '336d58cd-0c6f-4f60-a764-24650b3bc79b', '工作感受', 'kmo', 0, 0.5, 'KMO为0，说明题项间无共同方差，无法进行因子分析。可能由于题项间完全独立，或样本量不足以估计相关结构。', '建议先检查每个题项与其他题项的相关系数，若多数接近0则需重新设计量表；若样本量不足，则扩大样本量至题项数的10倍以上。');
INSERT INTO diagnosis_issues (id, diagnosis_id, dimension, metric, value, threshold, reason, suggestion) VALUES ('448c82fb-aac0-4a44-bc81-1847a50b667b', '336d58cd-0c6f-4f60-a764-24650b3bc79b', '工作感受', 'bartlett_p', 1, 0.05, 'Bartlett检验不显著，进一步验证了变量间不存在相关性，原因与KMO相同。', '与上述KMO问题一并处理：确保数据预处理正确，检查题项质量，增加样本或修改量表。');
INSERT INTO diagnosis_issues (id, diagnosis_id, dimension, metric, value, threshold, reason, suggestion) VALUES ('62ae881a-cc23-4f7a-b541-c149a3c69291', '336d58cd-0c6f-4f60-a764-24650b3bc79b', '薪酬福利', 'alpha', 0, 0.7, '内部一致性信度为0，提示题项间可能存在负相关或完全无关。可能原因是该维度包含反向题但未反转，或题项表述不一致。', '确认所有反向题是否已正确反转；计算题项间相关矩阵，若出现负相关则重点检查反向题；若题项数不足3个，考虑增加题目。');
INSERT INTO diagnosis_issues (id, diagnosis_id, dimension, metric, value, threshold, reason, suggestion) VALUES ('3602fad4-4061-478b-909d-a0adcee2807f', '336d58cd-0c6f-4f60-a764-24650b3bc79b', '薪酬福利', 'kmo', 0, 0.5, 'KMO值为0，数据不适合因子分析，通常因变量间独立或样本过小引起。', '检查样本量是否足够（建议>100），并计算题项间相关系数；若相关系数普遍偏低，需重新审视量表题项。');
INSERT INTO diagnosis_issues (id, diagnosis_id, dimension, metric, value, threshold, reason, suggestion) VALUES ('1c5d4e1e-f3d0-45a9-b86a-8ef0776bbd8a', '336d58cd-0c6f-4f60-a764-24650b3bc79b', '薪酬福利', 'bartlett_p', 1, 0.05, 'Bartlett检验p=1.0，说明相关矩阵为单位矩阵，无法提取因子。', '与KMO问题同步解决，确保题项间存在一定的相关性后再进行因子分析。');
INSERT INTO diagnosis_issues (id, diagnosis_id, dimension, metric, value, threshold, reason, suggestion) VALUES ('ab41704b-34c6-4b51-a3fb-e48102f88f4c', '336d58cd-0c6f-4f60-a764-24650b3bc79b', '职业发展', 'alpha', 0, 0.7, 'α为0，内部一致性差。可能由于反向题未处理、题项间方向不一、或题目内容无法反映同一构念。', '反向题反转后重算信度；若仍为0，则逐题检查题项是否属于同一维度，考虑删除或修改。');
INSERT INTO diagnosis_issues (id, diagnosis_id, dimension, metric, value, threshold, reason, suggestion) VALUES ('dcfcffd7-d194-49e0-a43c-06dfb91c6a10', '336d58cd-0c6f-4f60-a764-24650b3bc79b', '职业发展', 'kmo', 0, 0.5, 'KMO=0，变量间无共同方差。', '检查样本量和题项相关性，剔除无相关题项。');
INSERT INTO diagnosis_issues (id, diagnosis_id, dimension, metric, value, threshold, reason, suggestion) VALUES ('4f246fdc-61c5-46a4-939e-20f21aa8b617', '336d58cd-0c6f-4f60-a764-24650b3bc79b', '职业发展', 'bartlett_p', 1, 0.05, 'Bartlett检验不显著，变量间独立。', '加强题项相关性构建，如修改题项措辞使其更聚焦于同一构念。');
INSERT INTO diagnosis_issues (id, diagnosis_id, dimension, metric, value, threshold, reason, suggestion) VALUES ('4dc0cdea-6205-4191-a40b-4de0642b71c4', '336d58cd-0c6f-4f60-a764-24650b3bc79b', '工作压力', 'alpha', 0, 0.7, '内部一致性信度为0，可能因反向题未反转或题项间相关系数过低。', '检查反向题反转情况；计算题项间相关系数，删除低相关题项；若题项数<3，需补充。');
INSERT INTO diagnosis_issues (id, diagnosis_id, dimension, metric, value, threshold, reason, suggestion) VALUES ('2746be8d-572d-43a5-82e3-fc83c35beb7c', '336d58cd-0c6f-4f60-a764-24650b3bc79b', '工作压力', 'kmo', 0, 0.5, 'KMO=0，不适合因子分析。', '增加样本量并优化题项。');
INSERT INTO diagnosis_issues (id, diagnosis_id, dimension, metric, value, threshold, reason, suggestion) VALUES ('06e53ef8-aee6-42a1-8e68-19400b9b0577', '336d58cd-0c6f-4f60-a764-24650b3bc79b', '工作压力', 'bartlett_p', 1, 0.05, 'Bartlett检验不显著。', '与KMO问题一同处理。');
INSERT INTO diagnosis_issues (id, diagnosis_id, dimension, metric, value, threshold, reason, suggestion) VALUES ('fdcb8105-162d-4875-bf74-ed89eac8321a', '336d58cd-0c6f-4f60-a764-24650b3bc79b', '组织认同', 'kmo', 0.5, 0.5, 'KMO值为0.5，处于临界下限，表明题项间共同度不足。可能由于部分题项与其他题项相关性较弱或样本量有限。', '建议增加样本量，并删除与维度内其他题项相关系数低于0.3的题目，以提高KMO值至0.6以上。');
INSERT INTO diagnosis_issues (id, diagnosis_id, dimension, metric, value, threshold, reason, suggestion) VALUES ('7d64c1d3-5415-4f2a-89a7-7b94c03fe4b7', '336d58cd-0c6f-4f60-a764-24650b3bc79b', '工作生活平衡', 'alpha', 0, 0.7, 'α为0，内部一致性极差，常见于反向题未正确处理或题项间缺乏相关性。', '检查反向题反转情况，计算相关系数并删除无关题项。');
INSERT INTO diagnosis_issues (id, diagnosis_id, dimension, metric, value, threshold, reason, suggestion) VALUES ('2e6a35fe-184a-4d37-8d8c-34a4b5023547', '336d58cd-0c6f-4f60-a764-24650b3bc79b', '工作生活平衡', 'kmo', 0, 0.5, 'KMO=0，数据不适合因子分析。', '检查样本量和题项质量。');
INSERT INTO diagnosis_issues (id, diagnosis_id, dimension, metric, value, threshold, reason, suggestion) VALUES ('180b74ab-95a4-4213-bbd6-476ea4734f95', '336d58cd-0c6f-4f60-a764-24650b3bc79b', '工作生活平衡', 'bartlett_p', 1, 0.05, 'Bartlett检验不显著，变量间独立。', '与KMO问题一起解决。');
INSERT INTO diagnosis_issues (id, diagnosis_id, dimension, metric, value, threshold, reason, suggestion) VALUES ('15370b54-dc11-43a1-b1fc-75d06f408445', 'd623e39a-5529-4d3c-ab00-15884a3831c6', '', 'reverse_items', 0, 0, '命中翻车点 P01：反向题未反转', '存在反向题但未做反向计分，会导致 α 偏低甚至负值。请在数据预处理阶段反转反向题（如 6 减去原值），再重算信度。');
INSERT INTO diagnosis_issues (id, diagnosis_id, dimension, metric, value, threshold, reason, suggestion) VALUES ('52cc772b-1de2-413c-b1e9-3da34c5ac9c4', 'd623e39a-5529-4d3c-ab00-15884a3831c6', '', 'kmo', 0, 0, '命中翻车点 P04：KMO<0.5 仍强行做 EFA', 'KMO 低于 0.5 时数据不适合做因子分析，强行 EFA 会导致因子结构不稳定。建议先检查变量间相关性，或增加样本/调整题项后重测 KMO。');
INSERT INTO diagnosis_issues (id, diagnosis_id, dimension, metric, value, threshold, reason, suggestion) VALUES ('e648577f-93f2-4b5e-9ff7-274fa93104ba', 'd623e39a-5529-4d3c-ab00-15884a3831c6', '', 'cumulative_variance', 0, 0, '命中翻车点 P07：未报累计方差解释率', '因子分析应报告累计方差解释率，以说明公因子对原变量的解释能力。请补充该指标。');
INSERT INTO diagnosis_issues (id, diagnosis_id, dimension, metric, value, threshold, reason, suggestion) VALUES ('e7fb04c6-07d0-4880-96d0-15aedaa3a88f', 'd623e39a-5529-4d3c-ab00-15884a3831c6', '工作满意度', 'alpha', 0, 0.7, 'α值为0，表明题目间无任何内部一致性。可能原因：反向题未反转导致负相关被截断为0；或数据变异极小（所有被试回答相同或样本量过小）。', '检查数据预处理：确认所有反向题已正确反转（如6-原值）；查看每个题目的标准差，若为0则删除无效题目；确保样本量至少30-50以上，重新计算信度。');
INSERT INTO diagnosis_issues (id, diagnosis_id, dimension, metric, value, threshold, reason, suggestion) VALUES ('0afe461c-2fd4-4dc6-9c73-1aa21dade79a', 'd623e39a-5529-4d3c-ab00-15884a3831c6', '工作满意度', 'kmo', 0, 0.5, 'KMO为0，说明变量间偏相关系数极小，数据完全不适宜做因子分析。通常因变量间无相关或样本极端不足导致。', '先检查变量间Pearson相关系数，若多数接近0，需修订题目或重新收集数据；若样本量过小，需增加被试至至少100以上；同时检查数据录入错误。');
INSERT INTO diagnosis_issues (id, diagnosis_id, dimension, metric, value, threshold, reason, suggestion) VALUES ('3b058420-c7f7-4162-93e5-27b7ef76c255', 'd623e39a-5529-4d3c-ab00-15884a3831c6', '工作满意度', 'bartlett_p', 1, 0.05, 'Bartlett球形检验p=1.0，表明相关矩阵为单位矩阵，变量间完全独立。常见原因：题目无变异（所有回答相同）、样本量极低或错误编码。', '核实数据矩阵是否包含有效差异；检查是否误用常量数据；若样本量小于变量数，需扩充样本；重新运行描述统计确认变量方差。');
INSERT INTO diagnosis_issues (id, diagnosis_id, dimension, metric, value, threshold, reason, suggestion) VALUES ('edab4ceb-f89a-422f-9982-4a8b8ae32666', 'd623e39a-5529-4d3c-ab00-15884a3831c6', '人际关系', 'alpha', 0, 0.7, '同工作满意度维度，α=0表明内部一致性失效，可能是反向题未反转或数据无变异。', '检查反向题计分方向，确保所有题目计分方向一致；计算各题方差，剔除零方差题目；增加样本量后重算。');
INSERT INTO diagnosis_issues (id, diagnosis_id, dimension, metric, value, threshold, reason, suggestion) VALUES ('cdd5e333-aaad-4c4c-b421-c3573f97a1e1', 'd623e39a-5529-4d3c-ab00-15884a3831c6', '人际关系', 'kmo', 0, 0.5, 'KMO=0，变量间无共享方差，无法进行因子分析。原因同上。', '检查题目间相关性，改善题目设计或重新收集数据；若样本量过小，扩大样本至合理规模。');
INSERT INTO diagnosis_issues (id, diagnosis_id, dimension, metric, value, threshold, reason, suggestion) VALUES ('6aade1ab-0fe9-458a-9a3c-7743e786cd28', 'd623e39a-5529-4d3c-ab00-15884a3831c6', '人际关系', 'bartlett_p', 1, 0.05, 'p=1.0，数据不存在任何相关结构。可能因样本单一或数据录入格式错误。', '确认原始数据是否为数值型且包含足够变异；检查是否存在缺失值或异常值处理不当。');
INSERT INTO diagnosis_issues (id, diagnosis_id, dimension, metric, value, threshold, reason, suggestion) VALUES ('d2659d72-c955-46cb-94e7-bddd6e08b8a6', 'd623e39a-5529-4d3c-ab00-15884a3831c6', '工作感受', 'alpha', 0, 0.7, 'α=0，表明题目间无一致性。可能原因：反向题未反转或数据无变异。', '重新审查该维度题项是否有反向表述并正确反转；计算项目-总分相关，删除相关为负或极低的题项。');
INSERT INTO diagnosis_issues (id, diagnosis_id, dimension, metric, value, threshold, reason, suggestion) VALUES ('d1708c6c-07ef-4574-83e9-9e7e49d3f09c', 'd623e39a-5529-4d3c-ab00-15884a3831c6', '工作感受', 'kmo', 0, 0.5, 'KMO=0，不适合因子分析。原因同前。', '若相关矩阵对角元素远大于非对角，需修改量表设计；也可尝试删除低相关题目后再测KMO。');
INSERT INTO diagnosis_issues (id, diagnosis_id, dimension, metric, value, threshold, reason, suggestion) VALUES ('59cc6dd0-0f5e-4cc1-b752-9783e4bc1a0c', 'd623e39a-5529-4d3c-ab00-15884a3831c6', '工作感受', 'bartlett_p', 1, 0.05, 'Bartlett检验不显著，变量间独立。原因：数据无差异或样本量不足。', '核实样本量是否达到每题至少5-10倍的要求；检查是否所有题目答案相同。');
INSERT INTO diagnosis_issues (id, diagnosis_id, dimension, metric, value, threshold, reason, suggestion) VALUES ('a4d857e2-e039-4d0a-8e52-20df1458dbbd', 'd623e39a-5529-4d3c-ab00-15884a3831c6', '薪酬福利', 'alpha', 0, 0.7, 'α=0，内部一致性缺失。', '检查该维度题目是否包含反向题，确保反转正确；若题目数量过少（如≤2），建议增加题目。');
INSERT INTO diagnosis_issues (id, diagnosis_id, dimension, metric, value, threshold, reason, suggestion) VALUES ('23411105-bb93-43e6-89e6-5fbca09af74a', 'd623e39a-5529-4d3c-ab00-15884a3831c6', '薪酬福利', 'kmo', 0, 0.5, 'KMO=0，数据不适合因子分析。', '计算该维度题目的Spearman相关矩阵，若所有相关绝对值小于0.3，则需重新设计题目或调整施测。');
INSERT INTO diagnosis_issues (id, diagnosis_id, dimension, metric, value, threshold, reason, suggestion) VALUES ('2ec6b8a6-b8b5-4b8f-b66d-d5a09192b629', 'd623e39a-5529-4d3c-ab00-15884a3831c6', '薪酬福利', 'bartlett_p', 1, 0.05, 'p=1.0，无相关结构。', '检查是否有题项编码错误（如反向题未反转导致负相关被抵消）；若样本量<30，需扩充。');
INSERT INTO diagnosis_issues (id, diagnosis_id, dimension, metric, value, threshold, reason, suggestion) VALUES ('1ea2cabf-f60e-4e70-96ad-7805755bff67', 'd623e39a-5529-4d3c-ab00-15884a3831c6', '职业发展', 'alpha', 0, 0.7, 'α=0，信度极低。', '利用项目分析（如区分度）筛选题项；若全部题目方差为0，则数据无效，需重新收集。');
INSERT INTO diagnosis_issues (id, diagnosis_id, dimension, metric, value, threshold, reason, suggestion) VALUES ('23976b41-16b9-4bbf-b2d3-1e4b3c066bc4', 'd623e39a-5529-4d3c-ab00-15884a3831c6', '职业发展', 'kmo', 0, 0.5, 'KMO=0。', '尝试使用修正后的项目-总相关大于0.3的题目重新计算KMO；若仍低，需修订量表。');
INSERT INTO diagnosis_issues (id, diagnosis_id, dimension, metric, value, threshold, reason, suggestion) VALUES ('3db778be-45b3-4824-a50b-dce5a23cade0', 'd623e39a-5529-4d3c-ab00-15884a3831c6', '职业发展', 'bartlett_p', 1, 0.05, 'Bartlett检验未通过。', '检查数据是否来自单一个体或所有值相同；重新运行描述统计确认均值与标准差。');
INSERT INTO diagnosis_issues (id, diagnosis_id, dimension, metric, value, threshold, reason, suggestion) VALUES ('c5b8b7e6-21f6-41e1-9f41-e2899cd31056', 'd623e39a-5529-4d3c-ab00-15884a3831c6', '工作压力', 'alpha', 0, 0.7, 'α=0。', '检查是否存在极端值或录入错误；若为反向题未反转，则反转后重新计算。');
INSERT INTO diagnosis_issues (id, diagnosis_id, dimension, metric, value, threshold, reason, suggestion) VALUES ('68e49a98-5351-4eab-a86d-578100dec916', 'd623e39a-5529-4d3c-ab00-15884a3831c6', '工作压力', 'kmo', 0, 0.5, 'KMO=0。', '确保样本量至少为变量数的5倍；如果变量数>样本量，则需收集更多数据。');
INSERT INTO diagnosis_issues (id, diagnosis_id, dimension, metric, value, threshold, reason, suggestion) VALUES ('cc6ea701-546f-40e8-afb4-ad52f8da7614', 'd623e39a-5529-4d3c-ab00-15884a3831c6', '工作压力', 'bartlett_p', 1, 0.05, 'p=1.0。', '检查是否所有被试在本题组上只选择了同一选项；若是，则题目无效。');
INSERT INTO diagnosis_issues (id, diagnosis_id, dimension, metric, value, threshold, reason, suggestion) VALUES ('5093ee76-f22a-4d9d-b882-4749faab3aaf', 'd623e39a-5529-4d3c-ab00-15884a3831c6', '组织认同', 'alpha', 0, 0.7, 'α=0。', '检查该维度下题目是否均为正向表述，若有反向题请反转；同时检查样本量是否≥30。');
INSERT INTO diagnosis_issues (id, diagnosis_id, dimension, metric, value, threshold, reason, suggestion) VALUES ('6f017e73-8e25-4d6a-af3f-1562cffdf6c6', 'd623e39a-5529-4d3c-ab00-15884a3831c6', '组织认同', 'kmo', 0, 0.5, 'KMO=0。', '计算变量间相关系数矩阵，若大部分<0.1，建议修改量表或扩大样本。');
INSERT INTO diagnosis_issues (id, diagnosis_id, dimension, metric, value, threshold, reason, suggestion) VALUES ('eed544ed-55d3-4c76-9c7d-a02b30cdeb95', 'd623e39a-5529-4d3c-ab00-15884a3831c6', '组织认同', 'bartlett_p', 1, 0.05, 'p=1.0。', '确认数据是否因分列不当导致所有值相同；重新导入原始数据并检查格式。');
INSERT INTO diagnosis_issues (id, diagnosis_id, dimension, metric, value, threshold, reason, suggestion) VALUES ('c90a420f-db1c-496b-a677-57af2f2b3a2f', 'd623e39a-5529-4d3c-ab00-15884a3831c6', '工作生活平衡', 'alpha', 0, 0.7, 'α=0。', '使用SPSS或R的psych包计算信度时，请确认反向题已用''ReverseCode''函数处理；若仍为0，则数据不可信。');
INSERT INTO diagnosis_issues (id, diagnosis_id, dimension, metric, value, threshold, reason, suggestion) VALUES ('f1a84ad2-f465-4614-a20d-ff32695e80e6', 'd623e39a-5529-4d3c-ab00-15884a3831c6', '工作生活平衡', 'kmo', 0, 0.5, 'KMO=0。', '尝试删除该维度下与其他题目无相关的题项；若仅剩1题则不可做因子分析。');
INSERT INTO diagnosis_issues (id, diagnosis_id, dimension, metric, value, threshold, reason, suggestion) VALUES ('ed308257-3941-4eea-8453-7db3ee7fc778', 'd623e39a-5529-4d3c-ab00-15884a3831c6', '工作生活平衡', 'bartlett_p', 1, 0.05, 'p=1.0。', '检查是否因为样本量过小或数据为常数导致；建议收集至少100份有效问卷后重测。');
INSERT INTO diagnosis_issues (id, diagnosis_id, dimension, metric, value, threshold, reason, suggestion) VALUES ('ff0d333c-665b-4ef5-8566-f0161e554c32', 'a4c725f7-6fe1-4232-814b-74523f7eb923', '', 'reverse_items', 0, 0, '命中翻车点 P01：反向题未反转', '存在反向题但未做反向计分，会导致 α 偏低甚至负值。请在数据预处理阶段反转反向题（如 6 减去原值），再重算信度。');
INSERT INTO diagnosis_issues (id, diagnosis_id, dimension, metric, value, threshold, reason, suggestion) VALUES ('bd187b25-0019-445e-beb0-aeb2d1fd2f9b', 'a4c725f7-6fe1-4232-814b-74523f7eb923', '', 'kmo', 0, 0, '命中翻车点 P04：KMO<0.5 仍强行做 EFA', 'KMO 低于 0.5 时数据不适合做因子分析，强行 EFA 会导致因子结构不稳定。建议先检查变量间相关性，或增加样本/调整题项后重测 KMO。');
INSERT INTO diagnosis_issues (id, diagnosis_id, dimension, metric, value, threshold, reason, suggestion) VALUES ('ceb7be2a-f8d6-44e5-b612-eb63ecd16a6b', 'a4c725f7-6fe1-4232-814b-74523f7eb923', '', 'cumulative_variance', 0, 0, '命中翻车点 P07：未报累计方差解释率', '因子分析应报告累计方差解释率，以说明公因子对原变量的解释能力。请补充该指标。');
INSERT INTO diagnosis_issues (id, diagnosis_id, dimension, metric, value, threshold, reason, suggestion) VALUES ('3fb27195-ac69-4ffb-a898-c9d317ee7289', 'a4c725f7-6fe1-4232-814b-74523f7eb923', '工作满意度', 'alpha', 0, 0.7, 'Cronbach''s α 为 0.0，表明该维度内各条目之间完全不存在正相关，甚至可能因反向题未反转导致负相关被抵消。同时不排除数据录入错误、条目方差为零（如所有被试回答完全相同）或样本量过小（如 < 5）导致信度无法计算。', '1. 检查原始数据：确认该维度所有条目是否存在变异（即标准差 > 0）；2. 核对反向题的编码是否已正确反转（原值 → 6-原值）；3. 若样本量 < 30，建议补充样本至至少 50 人；4. 重算信度前，删除缺失值或常数条目。');
INSERT INTO diagnosis_issues (id, diagnosis_id, dimension, metric, value, threshold, reason, suggestion) VALUES ('59b3c897-30d2-48c6-a7ab-da179e8311b9', 'a4c725f7-6fe1-4232-814b-74523f7eb923', '工作满意度', 'kmo', 0, 0.5, 'KMO 为 0.0，说明变量间偏相关系数平方和远大于简单相关系数平方和，数据完全不适合做因子分析。常见原因包括：变量间几乎无线性相关（可能因反向题未反转导致符号错乱）、条目方差为零、或样本量极低（< 样本数 < 变量数）。', '1. 计算各条目间 Pearson 相关矩阵，若多数相关系数 < 0.1，需检查数据质量；2. 确保所有条目为非定值且量尺一致（如均使用 1-5 Likert）；3. 增加样本量至条目数的 5-10 倍；4. 在反转反向题后重新计算 KMO。');
INSERT INTO diagnosis_issues (id, diagnosis_id, dimension, metric, value, threshold, reason, suggestion) VALUES ('f79faaba-fc91-44fe-9312-3814fbc6521d', 'a4c725f7-6fe1-4232-814b-74523f7eb923', '工作满意度', 'bartlett_p', 1, 0.05, 'Bartlett 球形检验 p = 1.0（不显著），表明相关矩阵为单位矩阵，即变量间完全独立。这通常是数据被严重扭曲的信号：可能所有条目取值完全相同、被误设为常量、或反向题未反转导致正负相关抵消后整体相关为零。', '1. 确认数据是否已正确导入且数值范围合理；2. 绘制散点图矩阵，检查是否存在非线性关系或异常值；3. 若为定性数据（如分类变量），需改用多分格相关矩阵代替 Pearson 相关；4. 在反转反向题后重新运行检验。');
INSERT INTO diagnosis_issues (id, diagnosis_id, dimension, metric, value, threshold, reason, suggestion) VALUES ('964abbf7-a5c7-431d-84c5-7aec45ded0c7', 'a4c725f7-6fe1-4232-814b-74523f7eb923', '人际关系', 'alpha', 0, 0.7, 'Cronbach''s α 为 0.0，表明该维度内各条目之间完全不存在正相关，甚至可能因反向题未反转导致负相关被抵消。同时不排除数据录入错误、条目方差为零（如所有被试回答完全相同）或样本量过小（如 < 5）导致信度无法计算。', '1. 检查原始数据：确认该维度所有条目是否存在变异（即标准差 > 0）；2. 核对反向题的编码是否已正确反转（原值 → 6-原值）；3. 若样本量 < 30，建议补充样本至至少 50 人；4. 重算信度前，删除缺失值或常数条目。');
INSERT INTO diagnosis_issues (id, diagnosis_id, dimension, metric, value, threshold, reason, suggestion) VALUES ('a67a74df-7082-4d93-a405-6625d01c2b68', 'a4c725f7-6fe1-4232-814b-74523f7eb923', '人际关系', 'kmo', 0, 0.5, 'KMO 为 0.0，说明变量间偏相关系数平方和远大于简单相关系数平方和，数据完全不适合做因子分析。常见原因包括：变量间几乎无线性相关（可能因反向题未反转导致符号错乱）、条目方差为零、或样本量极低（< 样本数 < 变量数）。', '1. 计算各条目间 Pearson 相关矩阵，若多数相关系数 < 0.1，需检查数据质量；2. 确保所有条目为非定值且量尺一致（如均使用 1-5 Likert）；3. 增加样本量至条目数的 5-10 倍；4. 在反转反向题后重新计算 KMO。');
INSERT INTO diagnosis_issues (id, diagnosis_id, dimension, metric, value, threshold, reason, suggestion) VALUES ('3be1aa03-aff6-4e02-b93c-8dceb203e7dc', 'a4c725f7-6fe1-4232-814b-74523f7eb923', '人际关系', 'bartlett_p', 1, 0.05, 'Bartlett 球形检验 p = 1.0（不显著），表明相关矩阵为单位矩阵，即变量间完全独立。这通常是数据被严重扭曲的信号：可能所有条目取值完全相同、被误设为常量、或反向题未反转导致正负相关抵消后整体相关为零。', '1. 确认数据是否已正确导入且数值范围合理；2. 绘制散点图矩阵，检查是否存在非线性关系或异常值；3. 若为定性数据（如分类变量），需改用多分格相关矩阵代替 Pearson 相关；4. 在反转反向题后重新运行检验。');
INSERT INTO diagnosis_issues (id, diagnosis_id, dimension, metric, value, threshold, reason, suggestion) VALUES ('23a8c9db-f535-41e0-beb7-454c4d79595c', 'a4c725f7-6fe1-4232-814b-74523f7eb923', '工作条件', 'alpha', 0, 0.7, 'Cronbach''s α 为 0.0，表明该维度内各条目之间完全不存在正相关，甚至可能因反向题未反转导致负相关被抵消。同时不排除数据录入错误、条目方差为零（如所有被试回答完全相同）或样本量过小（如 < 5）导致信度无法计算。', '1. 检查原始数据：确认该维度所有条目是否存在变异（即标准差 > 0）；2. 核对反向题的编码是否已正确反转（原值 → 6-原值）；3. 若样本量 < 30，建议补充样本至至少 50 人；4. 重算信度前，删除缺失值或常数条目。');
INSERT INTO diagnosis_issues (id, diagnosis_id, dimension, metric, value, threshold, reason, suggestion) VALUES ('fd07bd05-f03e-4dac-b6c3-4acb686b2a0b', 'a4c725f7-6fe1-4232-814b-74523f7eb923', '工作条件', 'kmo', 0, 0.5, 'KMO 为 0.0，说明变量间偏相关系数平方和远大于简单相关系数平方和，数据完全不适合做因子分析。常见原因包括：变量间几乎无线性相关（可能因反向题未反转导致符号错乱）、条目方差为零、或样本量极低（< 样本数 < 变量数）。', '1. 计算各条目间 Pearson 相关矩阵，若多数相关系数 < 0.1，需检查数据质量；2. 确保所有条目为非定值且量尺一致（如均使用 1-5 Likert）；3. 增加样本量至条目数的 5-10 倍；4. 在反转反向题后重新计算 KMO。');
INSERT INTO diagnosis_issues (id, diagnosis_id, dimension, metric, value, threshold, reason, suggestion) VALUES ('a795f099-7c53-4693-8d59-6652a921cf68', 'a4c725f7-6fe1-4232-814b-74523f7eb923', '工作条件', 'bartlett_p', 1, 0.05, 'Bartlett 球形检验 p = 1.0（不显著），表明相关矩阵为单位矩阵，即变量间完全独立。这通常是数据被严重扭曲的信号：可能所有条目取值完全相同、被误设为常量、或反向题未反转导致正负相关抵消后整体相关为零。', '1. 确认数据是否已正确导入且数值范围合理；2. 绘制散点图矩阵，检查是否存在非线性关系或异常值；3. 若为定性数据（如分类变量），需改用多分格相关矩阵代替 Pearson 相关；4. 在反转反向题后重新运行检验。');
INSERT INTO diagnosis_issues (id, diagnosis_id, dimension, metric, value, threshold, reason, suggestion) VALUES ('4f7a2930-a27e-4a86-8cce-3332f3ce71dd', 'a4c725f7-6fe1-4232-814b-74523f7eb923', '薪酬福利', 'alpha', 0, 0.7, 'Cronbach''s α 为 0.0，表明该维度内各条目之间完全不存在正相关，甚至可能因反向题未反转导致负相关被抵消。同时不排除数据录入错误、条目方差为零（如所有被试回答完全相同）或样本量过小（如 < 5）导致信度无法计算。', '1. 检查原始数据：确认该维度所有条目是否存在变异（即标准差 > 0）；2. 核对反向题的编码是否已正确反转（原值 → 6-原值）；3. 若样本量 < 30，建议补充样本至至少 50 人；4. 重算信度前，删除缺失值或常数条目。');
INSERT INTO diagnosis_issues (id, diagnosis_id, dimension, metric, value, threshold, reason, suggestion) VALUES ('496be62d-b6e2-4989-a5d4-5cd508c3636f', 'a4c725f7-6fe1-4232-814b-74523f7eb923', '薪酬福利', 'kmo', 0, 0.5, 'KMO 为 0.0，说明变量间偏相关系数平方和远大于简单相关系数平方和，数据完全不适合做因子分析。常见原因包括：变量间几乎无线性相关（可能因反向题未反转导致符号错乱）、条目方差为零、或样本量极低（< 样本数 < 变量数）。', '1. 计算各条目间 Pearson 相关矩阵，若多数相关系数 < 0.1，需检查数据质量；2. 确保所有条目为非定值且量尺一致（如均使用 1-5 Likert）；3. 增加样本量至条目数的 5-10 倍；4. 在反转反向题后重新计算 KMO。');
INSERT INTO diagnosis_issues (id, diagnosis_id, dimension, metric, value, threshold, reason, suggestion) VALUES ('4f99f21e-a12b-4350-8bde-2bf428781e1f', 'a4c725f7-6fe1-4232-814b-74523f7eb923', '薪酬福利', 'bartlett_p', 1, 0.05, 'Bartlett 球形检验 p = 1.0（不显著），表明相关矩阵为单位矩阵，即变量间完全独立。这通常是数据被严重扭曲的信号：可能所有条目取值完全相同、被误设为常量、或反向题未反转导致正负相关抵消后整体相关为零。', '1. 确认数据是否已正确导入且数值范围合理；2. 绘制散点图矩阵，检查是否存在非线性关系或异常值；3. 若为定性数据（如分类变量），需改用多分格相关矩阵代替 Pearson 相关；4. 在反转反向题后重新运行检验。');
INSERT INTO diagnosis_issues (id, diagnosis_id, dimension, metric, value, threshold, reason, suggestion) VALUES ('4adaa083-0ddd-449a-96af-096c42083c44', 'a4c725f7-6fe1-4232-814b-74523f7eb923', '职业发展', 'alpha', 0, 0.7, 'Cronbach''s α 为 0.0，表明该维度内各条目之间完全不存在正相关，甚至可能因反向题未反转导致负相关被抵消。同时不排除数据录入错误、条目方差为零（如所有被试回答完全相同）或样本量过小（如 < 5）导致信度无法计算。', '1. 检查原始数据：确认该维度所有条目是否存在变异（即标准差 > 0）；2. 核对反向题的编码是否已正确反转（原值 → 6-原值）；3. 若样本量 < 30，建议补充样本至至少 50 人；4. 重算信度前，删除缺失值或常数条目。');
INSERT INTO diagnosis_issues (id, diagnosis_id, dimension, metric, value, threshold, reason, suggestion) VALUES ('a7531d44-33a3-4a7b-9d6b-a1270a062614', 'a4c725f7-6fe1-4232-814b-74523f7eb923', '职业发展', 'kmo', 0, 0.5, 'KMO 为 0.0，说明变量间偏相关系数平方和远大于简单相关系数平方和，数据完全不适合做因子分析。常见原因包括：变量间几乎无线性相关（可能因反向题未反转导致符号错乱）、条目方差为零、或样本量极低（< 样本数 < 变量数）。', '1. 计算各条目间 Pearson 相关矩阵，若多数相关系数 < 0.1，需检查数据质量；2. 确保所有条目为非定值且量尺一致（如均使用 1-5 Likert）；3. 增加样本量至条目数的 5-10 倍；4. 在反转反向题后重新计算 KMO。');
INSERT INTO diagnosis_issues (id, diagnosis_id, dimension, metric, value, threshold, reason, suggestion) VALUES ('c135c763-41af-437f-9232-8811023f8fab', 'a4c725f7-6fe1-4232-814b-74523f7eb923', '职业发展', 'bartlett_p', 1, 0.05, 'Bartlett 球形检验 p = 1.0（不显著），表明相关矩阵为单位矩阵，即变量间完全独立。这通常是数据被严重扭曲的信号：可能所有条目取值完全相同、被误设为常量、或反向题未反转导致正负相关抵消后整体相关为零。', '1. 确认数据是否已正确导入且数值范围合理；2. 绘制散点图矩阵，检查是否存在非线性关系或异常值；3. 若为定性数据（如分类变量），需改用多分格相关矩阵代替 Pearson 相关；4. 在反转反向题后重新运行检验。');
INSERT INTO diagnosis_issues (id, diagnosis_id, dimension, metric, value, threshold, reason, suggestion) VALUES ('3b872f6c-942e-4009-8f24-d76c8739960f', 'a4c725f7-6fe1-4232-814b-74523f7eb923', '工作压力', 'alpha', 0, 0.7, 'Cronbach''s α 为 0.0，表明该维度内各条目之间完全不存在正相关，甚至可能因反向题未反转导致负相关被抵消。同时不排除数据录入错误、条目方差为零（如所有被试回答完全相同）或样本量过小（如 < 5）导致信度无法计算。', '1. 检查原始数据：确认该维度所有条目是否存在变异（即标准差 > 0）；2. 核对反向题的编码是否已正确反转（原值 → 6-原值）；3. 若样本量 < 30，建议补充样本至至少 50 人；4. 重算信度前，删除缺失值或常数条目。');
INSERT INTO diagnosis_issues (id, diagnosis_id, dimension, metric, value, threshold, reason, suggestion) VALUES ('94a137d5-c6ee-4894-a704-c574b261db6a', 'a4c725f7-6fe1-4232-814b-74523f7eb923', '工作压力', 'kmo', 0, 0.5, 'KMO 为 0.0，说明变量间偏相关系数平方和远大于简单相关系数平方和，数据完全不适合做因子分析。常见原因包括：变量间几乎无线性相关（可能因反向题未反转导致符号错乱）、条目方差为零、或样本量极低（< 样本数 < 变量数）。', '1. 计算各条目间 Pearson 相关矩阵，若多数相关系数 < 0.1，需检查数据质量；2. 确保所有条目为非定值且量尺一致（如均使用 1-5 Likert）；3. 增加样本量至条目数的 5-10 倍；4. 在反转反向题后重新计算 KMO。');
INSERT INTO diagnosis_issues (id, diagnosis_id, dimension, metric, value, threshold, reason, suggestion) VALUES ('044942d5-96eb-44a0-9d0a-fcf43aeace89', 'a4c725f7-6fe1-4232-814b-74523f7eb923', '工作压力', 'bartlett_p', 1, 0.05, 'Bartlett 球形检验 p = 1.0（不显著），表明相关矩阵为单位矩阵，即变量间完全独立。这通常是数据被严重扭曲的信号：可能所有条目取值完全相同、被误设为常量、或反向题未反转导致正负相关抵消后整体相关为零。', '1. 确认数据是否已正确导入且数值范围合理；2. 绘制散点图矩阵，检查是否存在非线性关系或异常值；3. 若为定性数据（如分类变量），需改用多分格相关矩阵代替 Pearson 相关；4. 在反转反向题后重新运行检验。');
INSERT INTO diagnosis_issues (id, diagnosis_id, dimension, metric, value, threshold, reason, suggestion) VALUES ('b2fed434-bef5-4fd8-9846-1627e6ec8c63', 'a4c725f7-6fe1-4232-814b-74523f7eb923', '组织认同', 'alpha', 0, 0.7, 'Cronbach''s α 为 0.0，表明该维度内各条目之间完全不存在正相关，甚至可能因反向题未反转导致负相关被抵消。同时不排除数据录入错误、条目方差为零（如所有被试回答完全相同）或样本量过小（如 < 5）导致信度无法计算。', '1. 检查原始数据：确认该维度所有条目是否存在变异（即标准差 > 0）；2. 核对反向题的编码是否已正确反转（原值 → 6-原值）；3. 若样本量 < 30，建议补充样本至至少 50 人；4. 重算信度前，删除缺失值或常数条目。');
INSERT INTO diagnosis_issues (id, diagnosis_id, dimension, metric, value, threshold, reason, suggestion) VALUES ('fc1bd1a0-6862-4f61-a519-929aa81e86f7', 'a4c725f7-6fe1-4232-814b-74523f7eb923', '组织认同', 'kmo', 0, 0.5, 'KMO 为 0.0，说明变量间偏相关系数平方和远大于简单相关系数平方和，数据完全不适合做因子分析。常见原因包括：变量间几乎无线性相关（可能因反向题未反转导致符号错乱）、条目方差为零、或样本量极低（< 样本数 < 变量数）。', '1. 计算各条目间 Pearson 相关矩阵，若多数相关系数 < 0.1，需检查数据质量；2. 确保所有条目为非定值且量尺一致（如均使用 1-5 Likert）；3. 增加样本量至条目数的 5-10 倍；4. 在反转反向题后重新计算 KMO。');
INSERT INTO diagnosis_issues (id, diagnosis_id, dimension, metric, value, threshold, reason, suggestion) VALUES ('65ef0260-f37a-4604-b60e-e224950207e8', 'a4c725f7-6fe1-4232-814b-74523f7eb923', '组织认同', 'bartlett_p', 1, 0.05, 'Bartlett 球形检验 p = 1.0（不显著），表明相关矩阵为单位矩阵，即变量间完全独立。这通常是数据被严重扭曲的信号：可能所有条目取值完全相同、被误设为常量、或反向题未反转导致正负相关抵消后整体相关为零。', '1. 确认数据是否已正确导入且数值范围合理；2. 绘制散点图矩阵，检查是否存在非线性关系或异常值；3. 若为定性数据（如分类变量），需改用多分格相关矩阵代替 Pearson 相关；4. 在反转反向题后重新运行检验。');
INSERT INTO diagnosis_issues (id, diagnosis_id, dimension, metric, value, threshold, reason, suggestion) VALUES ('9be17b1a-2672-4334-bd65-e0bbb76ba104', 'a4c725f7-6fe1-4232-814b-74523f7eb923', '工作生活平衡', 'alpha', 0, 0.7, 'Cronbach''s α 为 0.0，表明该维度内各条目之间完全不存在正相关，甚至可能因反向题未反转导致负相关被抵消。同时不排除数据录入错误、条目方差为零（如所有被试回答完全相同）或样本量过小（如 < 5）导致信度无法计算。', '1. 检查原始数据：确认该维度所有条目是否存在变异（即标准差 > 0）；2. 核对反向题的编码是否已正确反转（原值 → 6-原值）；3. 若样本量 < 30，建议补充样本至至少 50 人；4. 重算信度前，删除缺失值或常数条目。');
INSERT INTO diagnosis_issues (id, diagnosis_id, dimension, metric, value, threshold, reason, suggestion) VALUES ('62918733-49c2-4f21-a28a-8e08ab72f95b', 'a4c725f7-6fe1-4232-814b-74523f7eb923', '工作生活平衡', 'kmo', 0, 0.5, 'KMO 为 0.0，说明变量间偏相关系数平方和远大于简单相关系数平方和，数据完全不适合做因子分析。常见原因包括：变量间几乎无线性相关（可能因反向题未反转导致符号错乱）、条目方差为零、或样本量极低（< 样本数 < 变量数）。', '1. 计算各条目间 Pearson 相关矩阵，若多数相关系数 < 0.1，需检查数据质量；2. 确保所有条目为非定值且量尺一致（如均使用 1-5 Likert）；3. 增加样本量至条目数的 5-10 倍；4. 在反转反向题后重新计算 KMO。');
INSERT INTO diagnosis_issues (id, diagnosis_id, dimension, metric, value, threshold, reason, suggestion) VALUES ('d5ec1af3-f457-4d80-9564-efc8e11c6490', 'a4c725f7-6fe1-4232-814b-74523f7eb923', '工作生活平衡', 'bartlett_p', 1, 0.05, 'Bartlett 球形检验 p = 1.0（不显著），表明相关矩阵为单位矩阵，即变量间完全独立。这通常是数据被严重扭曲的信号：可能所有条目取值完全相同、被误设为常量、或反向题未反转导致正负相关抵消后整体相关为零。', '1. 确认数据是否已正确导入且数值范围合理；2. 绘制散点图矩阵，检查是否存在非线性关系或异常值；3. 若为定性数据（如分类变量），需改用多分格相关矩阵代替 Pearson 相关；4. 在反转反向题后重新运行检验。');
INSERT INTO diagnosis_issues (id, diagnosis_id, dimension, metric, value, threshold, reason, suggestion) VALUES ('f0635a9d-5cf7-4407-b2ee-3d8a729a4565', '8f35b2df-0f8b-4dd5-905e-ae58d36b69d4', '', 'kmo', 0, 0, '命中翻车点 P04：KMO<0.5 仍强行做 EFA', 'KMO 低于 0.5 时数据不适合做因子分析，强行 EFA 会导致因子结构不稳定。建议先检查变量间相关性，或增加样本/调整题项后重测 KMO。');
INSERT INTO diagnosis_issues (id, diagnosis_id, dimension, metric, value, threshold, reason, suggestion) VALUES ('1bb8fe5e-9b49-48ec-b5f8-d64fd9a1e9e5', '8f35b2df-0f8b-4dd5-905e-ae58d36b69d4', '', 'cumulative_variance', 0, 0, '命中翻车点 P07：未报累计方差解释率', '因子分析应报告累计方差解释率，以说明公因子对原变量的解释能力。请补充该指标。');
INSERT INTO diagnosis_issues (id, diagnosis_id, dimension, metric, value, threshold, reason, suggestion) VALUES ('46751dab-7984-4a8b-8e25-0321ebac5b72', '8f35b2df-0f8b-4dd5-905e-ae58d36b69d4', '自我效能感', 'alpha', 0, 0.7, 'α=0.0极低，表明条目间完全没有正相关。可能原因：(1) 题目方向不一致（如未正确反向计分）；(2) 数据存在大量缺失或异常值；(3) 条目内容测量不同构念，内部一致性极差。', '检查条目计分方向是否一致，修正反向题计分；清洗数据中的缺失值和极端值；若题目间逻辑无关，需重新设计量表或删除低相关条目。');
INSERT INTO diagnosis_issues (id, diagnosis_id, dimension, metric, value, threshold, reason, suggestion) VALUES ('6d883d18-fd13-4b08-9024-79ed86c7764d', '8f35b2df-0f8b-4dd5-905e-ae58d36b69d4', '自我效能感', 'kmo', 0, 0.5, 'KMO=0.0表明变量间几乎无共同方差，不适合因子分析。可能原因：(1) 条目间相关性极弱或呈负相关；(2) 样本量过小（例如低于50）；(3) 数据中存在高度共线性或奇异值。', '检查相关矩阵，排除几乎无相关或负相关的条目；增加样本量（建议至少为题项数的10倍以上）；考虑删除或合并高相关条目后再测KMO。');
INSERT INTO diagnosis_issues (id, diagnosis_id, dimension, metric, value, threshold, reason, suggestion) VALUES ('93490327-b795-49f4-a86c-a9a3d259d1c8', '8f35b2df-0f8b-4dd5-905e-ae58d36b69d4', '自我效能感', 'bartlett_p', 1, 0.05, 'Bartlett球形检验p=1.0完全不显著，说明相关矩阵为单位矩阵，变量间独立。可能原因：(1) 题目间毫无关联；(2) 样本量极小导致检验效能不足；(3) 数据存在系统误差（如所有被试勾选同一选项）。', '检查数据应答模式（如是否出现全选极端值）；扩大样本量（建议至少100-200）；若条目确实彼此无关，则需重新构建维度或使用单题测量。');

COMMIT;
